id,first_name,last_name,email,gender,CreditCardNumber,CreditCardLimit
1,Esdras,Woof,ewoof0@cyberchimps.com,Genderfluid,5464400705962728,$267373.54
2,Dayle,Dorkin,ddorkin1@rambler.ru,Female,3570835748616573,$279212.84
3,Darb,Poll,dpoll2@github.io,Genderqueer,3543523413407981,$220606.83
4,Tanitansy,Allanby,tallanby3@mac.com,Female,3583780889066680,$6645.06
5,Lon,Bachura,lbachura4@bizjournals.com,Male,30017073265876,$327407.09
6,Boycie,Beed,bbeed5@nifty.com,Female,372301317645465,$279914.84
7,Alejandra,Gleeson,agleeson6@1und1.de,Male,4508401219202214,$168005.20
8,Terrye,Gilford,tgilford7@huffingtonpost.com,Female,4405945696289817,$114715.15
9,Petr,Turmall,pturmall8@bizjournals.com,Female,3540676954417331,$223906.99
10,Vin,Grass,vgrass9@github.io,Male,3564766951377629,$232814.86
11,Henry,Maddie,hmaddiea@arstechnica.com,Female,5602241590924990,$275794.72
12,Julissa,Giacopello,jgiacopellob@usgs.gov,Male,3531120028012498,$49200.80
13,Roth,Clementet,rclementetc@prnewswire.com,Female,3588715614142203,$223926.36
14,Dinnie,Poland,dpolandd@springer.com,Male,3575148690466244,$107063.23
15,Nefen,Petrina,npetrinae@arizona.edu,Male,4913343707650950,$179058.87
16,Zelig,Chue,zchuef@wsj.com,Male,6334156218461386,$9965.45
17,Margret,Brisse,mbrisseg@washingtonpost.com,Female,3545632877684825,$230089.15
18,Rozalin,Tallquist,rtallquisth@cocolog-nifty.com,Agender,4903562934339309,$245007.03
19,Chery,Sweeten,csweeteni@geocities.jp,Female,3562119135935700,$49596.27
20,Dallas,Guillain,dguillainj@exblog.jp,Female,3556202032297057,$179987.90
21,Derick,Coskerry,dcoskerryk@hao123.com,Male,3542992227637631,$65635.01
22,Berna,Passe,bpassel@umn.edu,Female,30022120749211,$163211.97
23,Caralie,Booty,cbootym@pinterest.com,Male,3560189087748866,$305432.74
24,Rhea,Peto,rpeton@de.vu,Female,6761447875179376477,$110439.64
25,Chevalier,Agate,cagateo@ebay.com,Female,3556887195071248,$19629.69
26,Benjamen,Simionato,bsimionatop@i2i.jp,Male,3584568111909598,$334659.13
27,Nonnah,Beamiss,nbeamissq@jugem.jp,Female,3555510738728741,$309690.61
28,Gracie,Castagnaro,gcastagnaror@auda.org.au,Female,3533199889198503,$234264.50
29,Isaak,Pedro,ipedros@canalblog.com,Female,5010128700719871,$345400.75
30,Fidelity,Brickett,fbrickettt@nature.com,Male,5100141645486838,$115266.19
31,Francine,Maundrell,fmaundrellu@accuweather.com,Female,56022378857737494,$6199.72
32,Heida,Stothard,hstothardv@census.gov,Female,3567668125898323,$250044.40
33,Beltran,Warrener,bwarrenerw@vkontakte.ru,Female,3582992946280367,$338266.23
34,Feliza,Antyshev,fantyshevx@narod.ru,Female,5038268950861078,$174026.16
35,Darwin,Giffard,dgiffardy@slideshare.net,Female,3589775592544423,$76151.35
36,Kizzee,Popple,kpopplez@prlog.org,Female,3556838492061192,$232788.82
37,Son,Hillum,shillum10@e-recht24.de,Female,3534329686715733,$320860.08
38,Natty,Mitchely,nmitchely11@nps.gov,Female,6759196399635963999,$7940.89
39,Lesli,Ecclestone,lecclestone12@hud.gov,Female,4175003076151948,$90997.21
40,Abby,Taplin,ataplin13@gizmodo.com,Female,201833533729167,$205745.98
41,Barton,Simo,bsimo14@telegraph.co.uk,Male,3546686480774992,$170220.59
42,Kelcey,Wooder,kwooder15@lycos.com,Male,3535406201985204,$234172.24
43,Anton,Pree,apree16@163.com,Male,3533076250775004,$184477.43
44,Devin,Philipsson,dphilipsson17@ucsd.edu,Male,3530428985195292,$256943.40
45,Merrielle,Burnage,mburnage18@vistaprint.com,Male,3534270471592699,$139128.02
46,Jori,Allabush,jallabush19@examiner.com,Female,5602251905774882322,$228607.99
47,Merilyn,Kelway,mkelway1a@businessweek.com,Male,5602241566708880,$16272.31
48,Haskel,Scanlan,hscanlan1b@ox.ac.uk,Female,3587301676938340,$177750.55
49,Cristobal,Macbeth,cmacbeth1c@hp.com,Male,56108211776677128,$180328.22
50,Jozef,Bullcock,jbullcock1d@hp.com,Male,5602250201380484,$48070.44
51,Lief,Saville,lsaville1e@unc.edu,Agender,3557562644476624,$168392.69
52,Michel,Tickle,mtickle1f@friendfeed.com,Female,6759808220660855472,$163989.36
53,Mil,Dermot,mdermot1g@storify.com,Male,337941761033447,$251221.91
54,Odetta,Domanski,odomanski1h@nba.com,Female,3563405946909623,$284101.05
55,Warner,Chess,wchess1i@163.com,Male,3547726560997284,$74344.03
56,Welch,Coll,wcoll1j@is.gd,Female,503823417642950095,$155819.90
57,Lazare,Mayger,lmayger1k@walmart.com,Male,67095166496311261,$316252.78
58,Matty,Thurstan,mthurstan1l@hubpages.com,Female,372301309705863,$88720.47
59,Fedora,Denisyuk,fdenisyuk1m@tumblr.com,Genderqueer,6759963765683599565,$193229.00
60,Karrah,Trinke,ktrinke1n@bizjournals.com,Male,3573797228105013,$124737.48
61,Joella,Oiller,joiller1o@ucsd.edu,Bigender,633110443038306939,$27803.44
62,Vikky,Exrol,vexrol1p@themeforest.net,Female,4905319245441599,$90179.54
63,Shaughn,Goodlife,sgoodlife1q@weather.com,Female,374288058416420,$41293.05
64,Herold,Derges,hderges1r@privacy.gov.au,Female,30081753511652,$240399.22
65,Kendal,Petrina,kpetrina1s@surveymonkey.com,Male,3554579157948750,$9231.39
66,Vivie,Jerram,vjerram1t@amazon.co.uk,Non-binary,3529178860775287,$20279.51
67,Cilka,Croxford,ccroxford1u@nhs.uk,Male,3542684120083316,$111069.44
68,Hiram,Brusle,hbrusle1v@bbc.co.uk,Male,3535373178306071,$161476.69
69,Che,Medway,cmedway1w@irs.gov,Agender,3563308899233878,$144222.72
70,Tiffi,Joslyn,tjoslyn1x@gravatar.com,Male,370342508384995,$98571.23
71,Dare,Faragan,dfaragan1y@github.io,Female,5002355956438191,$277454.21
72,Mercie,Highton,mhighton1z@goo.gl,Female,6387946879480097,$221642.91
73,Moore,De Michetti,mdemichetti20@google.ca,Male,3530198187770800,$71963.83
74,Malanie,Gannon,mgannon21@wikispaces.com,Male,3573948551452338,$209905.42
75,Montgomery,Trueman,mtrueman22@ibm.com,Male,3536260764068406,$254735.06
76,Reade,Riccardelli,rriccardelli23@sbwire.com,Female,3572255944849605,$73240.22
77,Milo,Cleghorn,mcleghorn24@blog.com,Male,3576902640475096,$292040.44
78,Hewett,Meadley,hmeadley25@accuweather.com,Female,56022229403825707,$251861.54
79,Roosevelt,Melbourne,rmelbourne26@hibu.com,Male,201512795792812,$215814.20
80,Gilburt,Lawlance,glawlance27@slate.com,Female,4041374194439,$84570.69
81,Dewie,Bischop,dbischop28@twitpic.com,Bigender,3546707301243932,$203488.49
82,Stanley,Rispine,srispine29@marriott.com,Male,201484742108031,$19199.62
83,Ad,Cordes,acordes2a@nymag.com,Male,201531736424400,
84,Carmita,Gobourn,cgobourn2b@hexun.com,Male,5108755994635992,$68156.30
85,Fabe,Watkiss,fwatkiss2c@elpais.com,Male,3539523078948002,$228369.27
86,Eward,Seak,eseak2d@hexun.com,Male,3572195943681429,$248318.67
87,Orel,Enterlein,oenterlein2e@mashable.com,Male,3534081449440170,$314922.15
88,Judy,Lowmass,jlowmass2f@ft.com,Female,3544479874685467,$240568.47
89,Meir,Sterte,msterte2g@google.ca,Male,4917641561786000,$163182.90
90,Carlo,Elliker,celliker2h@europa.eu,Male,3589356668240061,$51450.13
91,Anselma,Cicchillo,acicchillo2i@fda.gov,Female,36642644854629,$11726.29
92,Otha,Rosenfeld,orosenfeld2j@blogger.com,Female,4751015090545,$284995.31
93,Pauline,Dolman,pdolman2k@bloglovin.com,Agender,3585658199136476,$184993.93
94,Josias,Bewly,jbewly2l@yahoo.co.jp,Male,67715544088867645,$291739.17
95,Conan,Melbury,cmelbury2m@github.io,Male,201981187200629,$345407.70
96,Fabian,Stannislawski,fstannislawski2n@shinystat.com,Male,6388000233716405,$250013.48
97,Ward,MacLeod,wmacleod2o@list-manage.com,Female,6759928175208729,$346703.68
98,Natassia,Sawkin,nsawkin2p@quantcast.com,Male,501880893971961537,$280334.97
99,Madelena,Warbrick,mwarbrick2q@reuters.com,Female,6381486660449114,$171587.47
100,Worthington,Benoey,wbenoey2r@instagram.com,Male,3541462029239532,$321090.05
101,Claude,Scudders,cscudders2s@histats.com,Male,3529113658694523,$216815.97
102,Paulo,Punter,ppunter2t@cbslocal.com,Male,3572831306749284,$273447.26
103,Lenee,Graffin,lgraffin2u@opera.com,Male,3552311249319929,$261863.63
104,Manda,Beech,mbeech2v@wikipedia.org,Female,4041590078220061,$100327.68
105,Korie,Westrey,kwestrey2w@ucla.edu,Female,5048375852269694,$289832.40
106,Genevieve,Haxell,ghaxell2x@statcounter.com,Female,3560309886923318,$178148.83
107,Rooney,Shreeves,rshreeves2y@pbs.org,Male,5383229704621367,$19479.01
108,Benn,Poyzer,bpoyzer2z@accuweather.com,Genderfluid,5597464975843356,$120630.39
109,Magdalena,Alvaro,malvaro30@purevolume.com,Female,67714664800387572,$227401.42
110,Pierce,Rolfo,prolfo31@discovery.com,Genderfluid,4524059408366693,$243151.24
111,Gibb,Apdell,gapdell32@privacy.gov.au,Male,201847362208036,
112,Rosaline,Cruise,rcruise33@newyorker.com,Male,6372696894120874,$78437.41
113,Ignaz,Van Der Vlies,ivandervlies34@usnews.com,Genderqueer,3533818070968545,$1777.75
114,Candra,Buckam,cbuckam35@flavors.me,Male,5610394968437002,$78324.11
115,Pearla,Deverose,pdeverose36@zdnet.com,Female,06046367585883834,
116,Emilio,Sawood,esawood37@amazon.de,Female,56022362160762704,$348952.86
117,Adora,Ravenscroft,aravenscroft38@howstuffworks.com,Agender,30153424486620,$206523.83
118,Eziechiele,Chesnut,echesnut39@jalbum.net,Female,345081122853348,$23876.50
119,Dalila,Paladini,dpaladini3a@eventbrite.com,Female,4508337132411815,$15011.46
120,Elysha,O'Hare,eohare3b@google.fr,Female,589303467773078354,
121,Janel,Poynor,jpoynor3c@sbwire.com,Female,3585039756115742,$213009.22
122,Lurleen,Gianuzzi,lgianuzzi3d@jugem.jp,Female,6304161505940015,$103508.39
123,Laureen,Vlasin,lvlasin3e@flavors.me,Agender,6767234493076371635,$18437.19
124,Pierrette,Sorley,psorley3f@newsvine.com,Male,36025412935988,$168678.03
125,Lizabeth,Derrett,lderrett3g@scientificamerican.com,Female,3532227492956446,$311497.16
126,Cairistiona,Lilbourne,clilbourne3h@engadget.com,Bigender,6761451286324521,$147994.26
127,Sydney,Flude,sflude3i@google.fr,Male,4913438715735775,$238751.18
128,Storm,Enden,senden3j@weibo.com,Female,3552303603870555,$137373.84
129,Annecorinne,Meekins,ameekins3k@ebay.com,Female,3559652940124586,$23946.00
130,Ainslee,Gerrad,agerrad3l@slideshare.net,Male,3589772880157059,$284979.82
131,Carree,Moules,cmoules3m@independent.co.uk,Polygender,560224700472225208,$264868.44
132,Reeta,Padillo,rpadillo3n@etsy.com,Male,3548324466723977,$112190.39
133,Nita,Lamcken,nlamcken3o@dailymotion.com,Agender,3575241365123594,$120461.72
134,Nissa,Iannuzzelli,niannuzzelli3p@wikia.com,Female,3539344745954129,$198921.50
135,Hillyer,Boxell,hboxell3q@apache.org,Male,6763469331537096471,$184501.00
136,Blythe,Kippie,bkippie3r@cisco.com,Female,201963734749399,$109880.71
137,Stearn,Ewbach,sewbach3s@wired.com,Male,3585155633874069,$204597.95
138,Mahalia,Poytres,mpoytres3t@ustream.tv,Male,4041375658535470,$310542.29
139,Joly,Flower,jflower3u@zimbio.com,Male,56022457018309383,$137787.27
140,Hyacinth,Sherbrooke,hsherbrooke3v@eventbrite.com,Bigender,4405222698124859,$98084.94
141,Birch,Tape,btape3w@usda.gov,Female,30238169930716,$246095.14
142,Delores,Harding,dharding3x@posterous.com,Male,6759402453315748525,$70963.49
143,Marena,Burhouse,mburhouse3y@fc2.com,Female,3581381292784043,$275953.27
144,Marmaduke,Jeannon,mjeannon3z@jimdo.com,Male,30182571126523,$31682.23
145,Roberto,Tuminini,rtuminini40@answers.com,Male,3533084116163365,$131068.20
146,Arleen,Raitie,araitie41@t.co,Male,4903227403059412,$66373.61
147,Cyb,Daldry,cdaldry42@nydailynews.com,Male,36387937511318,$203765.20
148,Antonin,Went,awent43@artisteer.com,Genderfluid,3538745417618688,$346193.56
149,Caddric,Wenn,cwenn44@ehow.com,Male,3588945284643061,$308610.81
150,Lorene,Gartland,lgartland45@icio.us,Male,5602211708052414,$69904.18
151,Aeriela,Ussher,aussher46@ameblo.jp,Male,30071254231934,$302462.62
152,Karissa,Matous,kmatous47@statcounter.com,Female,201561085232633,$280408.97
153,Shandeigh,De Gogay,sdegogay48@cloudflare.com,Non-binary,493643957933943897,$119304.80
154,Almire,Cheltnam,acheltnam49@nydailynews.com,Female,201847368080348,$171439.94
155,Felicle,Migheli,fmigheli4a@csmonitor.com,Male,6761275675005262,$320607.65
156,Willy,Penketh,wpenketh4b@thetimes.co.uk,Male,36217554040707,$165993.68
157,Elsworth,Abadam,eabadam4c@unblog.fr,Female,3536337124739650,$65027.30
158,Lucille,Mingard,lmingard4d@yellowbook.com,Female,3530703761717117,$83882.52
159,Justinn,Kristiansen,jkristiansen4e@joomla.org,Female,3588402092307877,$28081.92
160,Felicity,Garnett,fgarnett4f@cbslocal.com,Female,4903365105137589,$19896.15
161,Mandi,Steedman,msteedman4g@joomla.org,Female,3562175473585010,
162,Mary,Grzeszczak,mgrzeszczak4h@liveinternet.ru,Female,3573970473371883,$10040.66
163,Ramona,Hemeret,rhemeret4i@indiatimes.com,Male,675914419568957464,$183625.66
164,Kennan,Jerome,kjerome4j@ning.com,Female,6377548428751747,$83734.18
165,Lauree,Gallamore,lgallamore4k@mozilla.org,Male,5430263652142624,$197903.57
166,Gus,Gylle,ggylle4l@npr.org,Female,5100137170284358,$79316.71
167,Feliks,Mixer,fmixer4m@archive.org,Female,3532304070866071,$103197.29
168,Faith,Avey,favey4n@vistaprint.com,Genderqueer,3553631126585253,$76793.27
169,Barby,Formigli,bformigli4o@amazon.co.jp,Male,63046946456087921,$322383.65
170,Mariana,Fills,mfills4p@fema.gov,Female,676744796410004460,$78112.78
171,Carleen,Braham,cbraham4q@mlb.com,Male,5048376546592210,$85144.32
172,Gerti,Isaacs,gisaacs4r@bbc.co.uk,Female,3535337856685247,$161528.24
173,Marja,Baddow,mbaddow4s@g.co,Male,30525436802920,$231415.27
174,Claudia,Cohen,ccohen4t@dion.ne.jp,Male,3549604087608775,$24995.14
175,Angeline,Koene,akoene4u@joomla.org,Male,3555169430186854,$247917.21
176,Dora,Itter,ditter4v@pbs.org,Female,3528513131980988,$212423.24
177,Stoddard,Morforth,smorforth4w@usda.gov,Male,3548451344408099,$191561.10
178,Lorelle,MacCague,lmaccague4x@imageshack.us,Male,501802097903836198,$15824.47
179,Rawley,Cornier,rcornier4y@microsoft.com,Female,3544890626849781,$197829.88
180,Nisse,McKinless,nmckinless4z@com.com,Female,3544242272590550,$228187.52
181,Sonnie,Northall,snorthall50@biglobe.ne.jp,Male,3576635821508349,$214492.73
182,Antin,Flatt,aflatt51@apple.com,Female,4017954172634843,$214513.64
183,Field,Llewelly,fllewelly52@amazon.de,Male,4017953262673000,$99844.30
184,Feliza,Poulney,fpoulney53@google.es,Female,5610556296237680,$46952.09
185,Moe,Gaythorpe,mgaythorpe54@mapquest.com,Male,6394473879950590,$325446.64
186,Orion,Elix,oelix55@state.gov,Female,5602217950121458882,$217197.33
187,Rayna,Clappson,rclappson56@multiply.com,Female,5602212994810895,$340663.36
188,Homere,Harpham,hharpham57@yahoo.co.jp,Male,3585607485909484,$321882.88
189,Padraig,Dusey,pdusey58@list-manage.com,Female,3537235595870070,$168571.72
190,Benny,Hubbocks,bhubbocks59@blog.com,Female,6334811219018904,$176485.58
191,Jamima,Chatburn,jchatburn5a@last.fm,Female,3574887887586402,$179779.16
192,Edi,Beagrie,ebeagrie5b@plala.or.jp,Male,3564151130366498,$57845.96
193,Stefa,Mouse,smouse5c@mediafire.com,Female,3567708368358823,$293016.88
194,Daniela,Duckerin,dduckerin5d@hubpages.com,Male,5602223830105083462,$170015.70
195,Lauree,Kubas,lkubas5e@howstuffworks.com,Female,6334282646753208236,$224977.25
196,Danie,Gosker,dgosker5f@elpais.com,Male,3568633857065391,$266153.67
197,Valentijn,Penna,vpenna5g@ed.gov,Male,3539795338633703,
198,Vickie,Jealous,vjealous5h@bizjournals.com,Male,5602229327583981,$149080.70
199,Debee,Lowdiane,dlowdiane5i@deliciousdays.com,Female,3533449449529956,$69105.16
200,Tadeo,Formigli,tformigli5j@macromedia.com,Male,3570187697098985,$44379.29
201,Alexandra,Spaldin,aspaldin5k@meetup.com,Female,6392134479793291,$8337.39
202,Wit,Sargood,wsargood5l@indiatimes.com,Male,5602245422311656,$57674.26
203,Amargo,Verner,averner5m@newyorker.com,Genderfluid,3537139501753737,$25819.75
204,Barbie,Hildred,bhildred5n@sciencedirect.com,Male,56022172392541556,$29832.64
205,Ginelle,Davidai,gdavidai5o@webnode.com,Female,30404817383639,$259317.75
206,Geraldine,Landman,glandman5p@exblog.jp,Female,3583959497237202,$137639.09
207,Cami,Cathrall,ccathrall5q@whitehouse.gov,Female,5048376676723940,$81416.77
208,Carol,Ramas,cramas5r@cbc.ca,Female,201669943830959,
209,Barr,Kocher,bkocher5s@ocn.ne.jp,Male,6304013983517734,$265548.35
210,Jeanna,Symondson,jsymondson5t@stumbleupon.com,Male,3539316838570400,$279493.98
211,Bab,Cruise,bcruise5u@weebly.com,Male,4017951688019,$213884.58
212,Ephraim,Bondar,ebondar5v@free.fr,Male,5893023619404006184,$49166.75
213,Rivi,Bedlington,rbedlington5w@sakura.ne.jp,Male,3570725228191660,$263909.86
214,Hatty,Sedman,hsedman5x@posterous.com,Female,4041370748551561,$272450.51
215,Guntar,Dubber,gdubber5y@tripadvisor.com,Female,3550626486675663,$310176.70
216,Carry,Blogg,cblogg5z@ihg.com,Female,3586113724028623,$281012.35
217,Correy,Gater,cgater60@google.it,Female,3575989716781284,$232074.90
218,Gilda,Glenwright,gglenwright61@salon.com,Male,5100144406982524,$29021.69
219,Amie,Champneys,achampneys62@census.gov,Female,50182203373110993,$195632.06
220,Bourke,Insoll,binsoll63@goodreads.com,Male,67093149854610773,$47128.07
221,Mikol,Helleckas,mhelleckas64@ucla.edu,Female,3545238489318495,$47038.13
222,Ekaterina,Kenton,ekenton65@imageshack.us,Male,5610119354183613694,$132435.60
223,Yelena,Robley,yrobley66@zdnet.com,Male,4911875139324195017,$321354.53
224,Tobye,MacScherie,tmacscherie67@weebly.com,Male,4079787632207,$274901.93
225,Gregorio,Mollindinia,gmollindinia68@booking.com,Male,6763423663137265592,$225914.01
226,Arri,Saurin,asaurin69@macromedia.com,Female,3552898656390864,$335065.58
227,Caryl,Gladdolph,cgladdolph6a@quantcast.com,Male,676381371052921450,$137233.93
228,Georges,Bordiss,gbordiss6b@netlog.com,Agender,3565409814259465,$36971.98
229,Marlena,Cowling,mcowling6c@angelfire.com,Agender,3532729079926858,$63704.48
230,Kiele,Schwartz,kschwartz6d@eventbrite.com,Female,3531768409059023,$216284.65
231,Stormie,Gowman,sgowman6e@hatena.ne.jp,Male,5602251718518364568,$110960.80
232,Salli,Sagar,ssagar6f@disqus.com,Female,374066729762434,$170615.65
233,Patrick,McPeice,pmcpeice6g@nih.gov,Male,6399487650718013,$171040.89
234,Fremont,Axcell,faxcell6h@livejournal.com,Male,3534721955911284,$249719.10
235,Sheela,Swansborough,sswansborough6i@acquirethisname.com,Male,6383884175631424,$119908.52
236,Leoine,Verdie,lverdie6j@sogou.com,Female,3555401669132808,$184720.98
237,Bryon,Taynton,btaynton6k@imageshack.us,Female,201760999463710,$66205.93
238,Nonah,Sherbrooke,nsherbrooke6l@house.gov,Male,5560060578916293,$321320.68
239,Patrizio,Raddish,praddish6m@over-blog.com,Male,3551052532650619,$128598.03
240,Conchita,Spilling,cspilling6n@cloudflare.com,Male,4844929788255125,$279136.50
241,Ralf,Gregolin,rgregolin6o@hhs.gov,Female,4917256364389181,$208992.90
242,Codie,Cargill,ccargill6p@unblog.fr,Male,3571289197479209,$57349.16
243,Helenelizabeth,Kleinert,hkleinert6q@biblegateway.com,Female,3566532028993212,$16555.17
244,Anita,Wringe,awringe6r@wufoo.com,Male,6767812706559125,$253287.88
245,Andria,Danneil,adanneil6s@bloomberg.com,Female,5007665173984966,$49684.26
246,Cosimo,Gianasi,cgianasi6t@nasa.gov,Male,3534789335747611,$11022.14
247,Diannne,Fraczek,dfraczek6u@indiatimes.com,Female,4041596090357,$148946.48
248,Edi,Vlasin,evlasin6v@blogspot.com,Bigender,30565422537387,$248453.51
249,Sharline,Tunnicliff,stunnicliff6w@zdnet.com,Female,3563099965600229,
250,Jasen,Louys,jlouys6x@zdnet.com,Female,5100148913885211,$109204.73
251,Anabella,Suffe,asuffe6y@weebly.com,Male,5602235627223186,$271256.15
252,Cleo,Flowitt,cflowitt6z@usnews.com,Female,3531700661748860,$40125.50
253,Obadias,Filyashin,ofilyashin70@cisco.com,Female,6373449082172193,$131229.93
254,Wat,Blaasch,wblaasch71@cdbaby.com,Female,337941343089529,$27638.51
255,Krystle,Corser,kcorser72@cargocollective.com,Male,5893887603109777534,$322058.64
256,Minnaminnie,Albrighton,malbrighton73@about.me,Male,6759312921112339,$326306.02
257,Berke,Olyfat,bolyfat74@tripod.com,Female,30018181983319,$55890.13
258,Fulton,Packwood,fpackwood75@blogs.com,Male,3541508510756531,$154487.11
259,Winifield,Ivain,wivain76@adobe.com,Male,6706760124298921,$290655.51
260,Towny,Porter,tporter77@google.ru,Female,30515196244413,$343764.04
261,Umeko,Sucre,usucre78@merriam-webster.com,Female,5568680486782255,$157047.85
262,Karoly,Jandak,kjandak79@tiny.cc,Male,4041596544122,$275093.65
263,Colene,Pile,cpile7a@exblog.jp,Female,201516125998122,$261692.77
264,Nixie,Alasdair,nalasdair7b@chicagotribune.com,Female,63046966374976567,$334057.19
265,Neron,Greengrass,ngreengrass7c@wiley.com,Female,36898328514760,$63291.92
266,Sinclare,Plimmer,splimmer7d@amazon.com,Female,6392674408367808,$230197.52
267,Lennie,Rubega,lrubega7e@mtv.com,Male,5048379400243896,$139782.15
268,Latrina,Peddersen,lpeddersen7f@usa.gov,Male,6767901079031306352,$228232.40
269,Drusy,Glaze,dglaze7g@github.io,Male,3577674875984667,$89696.15
270,Grant,Soff,gsoff7h@ocn.ne.jp,Genderqueer,4041376788519,$110221.08
271,Kendricks,Zima,kzima7i@about.com,Male,50183763443474314,$228362.83
272,Bell,Benadette,bbenadette7j@myspace.com,Male,3549596592868789,$177784.45
273,Clevey,Jewks,cjewks7k@tmall.com,Male,5100171303524752,$142503.06
274,Brockie,Briscam,bbriscam7l@zdnet.com,Male,3567513318191120,
275,Nat,Garahan,ngarahan7m@naver.com,Female,3545715975466847,$329905.47
276,Mary,Lippi,mlippi7n@marketwatch.com,Male,3564954485334957,$32575.09
277,Hilton,Oakman,hoakman7o@aol.com,Female,67617165383865974,$171919.92
278,Calla,Cathro,ccathro7p@yahoo.com,Female,3538251497589600,$50648.23
279,Korey,Dicty,kdicty7q@eventbrite.com,Female,3564552682088523,$315367.62
280,Lona,Volker,lvolker7r@mail.ru,Male,6334563000165341,$304764.32
281,Lela,Moret,lmoret7s@nps.gov,Female,4680989138990,$240010.08
282,Waverley,Simioli,wsimioli7t@purevolume.com,Male,30553104193828,$321058.52
283,Lewiss,Castelluzzi,lcastelluzzi7u@wiley.com,Male,3534752751972634,$156389.44
284,Bride,Gierardi,bgierardi7v@reverbnation.com,Male,374288155007783,$284649.24
285,Renelle,Dwelling,rdwelling7w@umn.edu,Female,6706382191223417,$346124.21
286,Arty,Jeffery,ajeffery7x@ow.ly,Male,560223532634127787,$121222.53
287,Griselda,Curd,gcurd7y@miibeian.gov.cn,Male,201455345729746,$265987.52
288,Aubrie,Spriggin,aspriggin7z@google.it,Female,493601293390509728,$59851.47
289,Cull,Ord,cord80@fotki.com,Bigender,6759946465239527,$147477.94
290,Antonietta,O' Kelleher,aokelleher81@google.co.jp,Female,3572427686020295,$85157.65
291,Andres,Guymer,aguymer82@wufoo.com,Female,36347170728425,$245548.86
292,Bret,Balasini,bbalasini83@csmonitor.com,Female,67633639008986852,$115904.34
293,Stevena,Lympenie,slympenie84@soup.io,Male,3533623585125536,$279043.40
294,Lyman,Sanches,lsanches85@google.co.uk,Genderfluid,3528259875086844,$284059.50
295,Shauna,Zebedee,szebedee86@cnet.com,Male,3545992047362888,$286720.58
296,Stearne,Edyson,sedyson87@marketwatch.com,Female,56022252626310216,$322069.03
297,Morlee,Allpress,mallpress88@illinois.edu,Female,3560235981366980,$229893.99
298,Vera,Harly,vharly89@harvard.edu,Male,5602250014239042,$162937.74
299,Charlotte,McVrone,cmcvrone8a@cbc.ca,Female,4911313673679038,$113258.07
300,Ariadne,Press,apress8b@simplemachines.org,Female,5602242527679004,$89575.57
301,Merrick,Mollen,mmollen8c@delicious.com,Female,3538555719581603,$260290.12
302,Israel,Maith,imaith8d@devhub.com,Female,5610733394992926,$144030.56
303,Bevan,Pulster,bpulster8e@go.com,Male,3543087918772851,$16789.60
304,Shayne,Graber,sgraber8f@sitemeter.com,Agender,3537694473688436,$98632.42
305,Linn,Jandel,ljandel8g@sfgate.com,Female,5187526637197326,$278061.35
306,Nikkie,Yacob,nyacob8h@loc.gov,Male,4041594307119037,$214556.71
307,Chrysa,Falls,cfalls8i@gmpg.org,Male,3533992673800510,$344266.06
308,Winn,Goldney,wgoldney8j@amazon.co.jp,Female,3584060473623157,$106897.08
309,Redford,Jandak,rjandak8k@alibaba.com,Female,3559277225669467,$81624.33
310,Wendi,Vines,wvines8l@macromedia.com,Female,5002351426557892,$164137.13
311,Janeczka,Vondrach,jvondrach8m@discuz.net,Female,5602231813366558,$96532.02
312,Rafaela,Mumbray,rmumbray8n@nbcnews.com,Female,3548005653355794,$121488.63
313,Linda,Humbell,lhumbell8o@ox.ac.uk,Female,3542950282303150,$216510.71
314,Karlens,Eads,keads8p@1und1.de,Agender,3577133464806351,$336046.87
315,Puff,Kleinholz,pkleinholz8q@seattletimes.com,Male,3559907409733446,$228767.07
316,Kare,Castells,kcastells8r@homestead.com,Female,3542425940920075,$207361.41
317,Cass,Erskine,cerskine8s@cnn.com,Male,3568442946319862,$194971.70
318,Yardley,Leith-Harvey,yleithharvey8t@imgur.com,Male,201726311975848,$248071.17
319,Orion,Scard,oscard8u@live.com,Female,3565029378217426,$27555.75
320,Maire,Telega,mtelega8v@amazon.de,Female,3577551263364464,
321,Koressa,Mapplethorpe,kmapplethorpe8w@github.io,Female,5151753163316300,$11969.01
322,Orv,Hargey,ohargey8x@zdnet.com,Female,5010123159696043,$155510.96
323,Ethan,Weatherhill,eweatherhill8y@taobao.com,Male,3558264651125835,$208037.27
324,Jeniffer,Limeburner,jlimeburner8z@scientificamerican.com,Female,3557411093432524,$23675.66
325,Kirk,Moff,kmoff90@jugem.jp,Genderqueer,5010128336971508,$73059.76
326,Sandy,Surman-Wells,ssurmanwells91@over-blog.com,Male,6304980089828027,$277270.07
327,Margit,Henniger,mhenniger92@jiathis.com,Female,677178709049731695,$96892.32
328,Vanya,Vaud,vvaud93@biglobe.ne.jp,Male,3540704239410473,$220641.21
329,Billy,Befroy,bbefroy94@networksolutions.com,Male,4026736834381684,$99396.36
330,Jere,Surgison,jsurgison95@printfriendly.com,Female,373259372246976,$345230.46
331,Carolyne,Halsey,chalsey96@ustream.tv,Female,30210648993243,$314695.14
332,Xerxes,Squirrell,xsquirrell97@census.gov,Female,374622720577740,$154013.33
333,Fanchon,Whitmore,fwhitmore98@nationalgeographic.com,Male,3557885199154282,$281874.97
334,Fifi,Jahnisch,fjahnisch99@devhub.com,Male,5544736670225854,$19999.99
335,Zsa zsa,Burg,zburg9a@aol.com,Male,560222798937682874,$342606.17
336,Amitie,Moreinu,amoreinu9b@ftc.gov,Female,5602245305231930,$204077.47
337,Xylia,Veltmann,xveltmann9c@webs.com,Male,6759164185055211,$185381.00
338,Alanah,Oager,aoager9d@ted.com,Male,490385175440180790,$205226.16
339,Bethanne,Fairs,bfairs9e@tmall.com,Male,6304572987924448349,$155071.02
340,Kaitlynn,Botting,kbotting9f@yelp.com,Female,3573454004420105,$173031.00
341,Lothaire,Novakovic,lnovakovic9g@earthlink.net,Male,4041374334941004,$258235.73
342,Chaddy,Mountford,cmountford9h@51.la,Polygender,490365245783798716,$141887.06
343,Xaviera,Bocock,xbocock9i@jimdo.com,Female,5327434816301333,$173521.72
344,Paco,Ryson,pryson9j@auda.org.au,Male,4508220275938051,$317062.12
345,Brandise,Andreini,bandreini9k@scientificamerican.com,Male,3568176132509783,$172205.58
346,Adlai,Derye-Barrett,aderyebarrett9l@yahoo.co.jp,Female,5007669061121574,$134460.77
347,Jeff,Todaro,jtodaro9m@multiply.com,Female,5602240836775927,$309583.99
348,Ann-marie,Sussex,asussex9n@seattletimes.com,Male,503863212623632197,$121537.34
349,Vince,Lockless,vlockless9o@si.edu,Male,201565245538987,$122751.20
350,Corrine,Bradwell,cbradwell9p@slashdot.org,Male,4903066385307989,$31666.68
351,Rodd,Tourot,rtourot9q@bizjournals.com,Male,342817688885700,$40780.59
352,Jamesy,Stuehmeyer,jstuehmeyer9r@hugedomains.com,Female,4041371571324,$135799.62
353,Chelsea,Goodsell,cgoodsell9s@google.ca,Female,6331106520735970,$279219.41
354,Gavra,Membry,gmembry9t@miibeian.gov.cn,Female,589322501966369381,$146728.20
355,Renard,Chanter,rchanter9u@phpbb.com,Female,4911847465520161197,$145006.43
356,Karisa,Corbin,kcorbin9v@t-online.de,Female,4903967366703348059,$307336.42
357,Jackqueline,Hansed,jhansed9w@indiegogo.com,Male,4936810841140406,
358,Anette,Basford,abasford9x@baidu.com,Female,676369045147142282,$191223.58
359,Poul,Remmer,premmer9y@apple.com,Female,67626529042578329,
360,Mattie,Enoksson,menoksson9z@list-manage.com,Female,5602219288442897,$188300.14
361,Coralyn,Cerman,ccermana0@nba.com,Female,50388633663233281,$182954.52
362,Jordon,Dow,jdowa1@ezinearticles.com,Male,4626907998841,$70323.04
363,Afton,Ferrara,aferraraa2@wikia.com,Female,6331109621177035033,$137710.09
364,Lawry,Syncke,lsynckea3@zdnet.com,Male,3541762839442402,$58219.98
365,Kilian,Aust,kausta4@salon.com,Female,3545465304054696,$306688.23
366,Edan,Rubanenko,erubanenkoa5@google.fr,Female,5610587571569853221,$17529.07
367,Bent,Lanphier,blanphiera6@bbb.org,Female,4508619715952871,$311518.39
368,Alvin,Godby,agodbya7@tiny.cc,Female,3565152666767009,$255056.53
369,Con,Kavanagh,ckavanagha8@who.int,Female,5100144190551873,$174326.47
370,Dix,Tewkesberrie,dtewkesberriea9@who.int,Male,6761029350124112605,$42835.23
371,Gerda,Babon,gbabonaa@opensource.org,Female,676336226226636846,$86796.76
372,Georgiana,Plowman,gplowmanab@google.nl,Female,374283514676360,$169049.61
373,Ethel,Speedy,espeedyac@so-net.ne.jp,Female,4917332636464795,$292175.55
374,Dorris,Heffernon,dheffernonad@pinterest.com,Male,4405829418033242,$142269.84
375,Justus,Redwall,jredwallae@networksolutions.com,Male,201870614964784,$329182.09
376,Edsel,Sothern,esothernaf@uol.com.br,Male,6771646662916898098,$177825.11
377,Dyann,Rego,dregoag@slideshare.net,Female,3552389281621022,$98104.76
378,Barnard,Woodger,bwoodgerah@businessinsider.com,Male,3589865242765526,$337423.87
379,Ramonda,Fynes,rfynesai@moonfruit.com,Female,3531641089344132,$165216.56
380,Rochelle,Dooly,rdoolyaj@ow.ly,Female,4917565353062066,$55903.36
381,Beauregard,Eyton,beytonak@blog.com,Female,3576610798699314,$210217.11
382,Beret,Geraud,bgeraudal@list-manage.com,Male,5020767991361949,$106778.19
383,Stirling,Duetschens,sduetschensam@bravesites.com,Non-binary,3580626290806813,$146603.72
384,Weston,Willmott,wwillmottan@apple.com,Female,5409660074488914,$121074.43
385,Niall,Stidever,nstideverao@princeton.edu,Female,4175008335027409,$58978.95
386,Tillie,Charity,tcharityap@smugmug.com,Female,3566592372114641,$247783.39
387,Englebert,Baud,ebaudaq@unesco.org,Male,58935019713470811,$346049.43
388,Courtney,Jossel,cjosselar@tuttocitta.it,Female,3556232789538841,$60876.72
389,Anne,Merkel,amerkelas@yelp.com,Female,4903777961246827,$163924.50
390,Leese,Elbourne,lelbourneat@cdbaby.com,Female,4017952402294404,$32572.70
391,Aggy,Berthel,aberthelau@telegraph.co.uk,Female,4911238608527594855,$286958.88
392,Isobel,Dryburgh,idryburghav@upenn.edu,Bigender,6334089632816557186,$266409.28
393,Vic,MacHoste,vmachosteaw@delicious.com,Female,5602252933687684121,$226064.65
394,Kelly,Brachell,kbrachellax@simplemachines.org,Male,3562133385289981,$233976.82
395,Saunders,Cadalleder,scadallederay@godaddy.com,Female,201405067773950,$326590.39
396,Katya,Fowley,kfowleyaz@epa.gov,Male,3538353424236238,$179748.11
397,Beatrix,Balaisot,bbalaisotb0@themeforest.net,Male,3553766380153040,$171797.02
398,Johna,Gudahy,jgudahyb1@chronoengine.com,Male,3576834646050054,$249997.82
399,Freida,Beharrell,fbeharrellb2@bravesites.com,Non-binary,670651277281695094,$109038.78
400,Johannah,Alexandre,jalexandreb3@discuz.net,Male,5002359037366124,$63337.08
401,Iggie,Bristo,ibristob4@wired.com,Male,56022111047941571,$101772.15
402,Moyna,Chippendale,mchippendaleb5@multiply.com,Male,3539483707009686,$309650.35
403,Missie,Kach,mkachb6@google.fr,Male,5610081133620113,$335872.70
404,Arlene,Awmack,aawmackb7@sciencedaily.com,Polygender,3556989492506114,$179046.70
405,Monty,Brearley,mbrearleyb8@tiny.cc,Male,3571608521433899,$157918.70
406,Bonni,St. Ledger,bstledgerb9@storify.com,Female,3579147351760008,$28739.70
407,Brandi,Cubitt,bcubittba@fastcompany.com,Female,3555407275632479,$109891.49
408,Korella,Twomey,ktwomeybb@about.com,Male,3543834505877605,$156534.98
409,Gustav,Tellenbrook,gtellenbrookbc@soundcloud.com,Male,5602247261991069,$349654.43
410,Tara,Shitliffe,tshitliffebd@creativecommons.org,Female,5602249631300897312,$193093.32
411,Carilyn,Ozintsev,cozintsevbe@meetup.com,Male,060446135573390374,
412,Anatol,Cattrall,acattrallbf@fda.gov,Female,5893209096798706073,$125279.22
413,Jilleen,Mar,jmarbg@indiegogo.com,Female,6304747621362264,$106503.08
414,Liana,Bohman,lbohmanbh@blogspot.com,Male,342600225576424,$226704.05
415,Gilemette,Passo,gpassobi@twitter.com,Male,3585957798846828,$136015.62
416,Brant,Phlippsen,bphlippsenbj@skype.com,Male,3586088443052817,$32338.54
417,Grant,Huelin,ghuelinbk@goo.gl,Male,3571846284435640,$258692.60
418,Debor,Sharkey,dsharkeybl@salon.com,Genderfluid,3554085042840491,$221197.22
419,Tillie,Speare,tspearebm@vinaora.com,Female,3583278612770207,$1478.62
420,Humphrey,McDermott-Row,hmcdermottrowbn@w3.org,Male,4017950304154,
421,Devondra,Spottswood,dspottswoodbo@dailymail.co.uk,Male,3570331080894135,$21193.72
422,Archibald,Denial,adenialbp@sohu.com,Female,5480230071801691,$48053.88
423,Jesus,Boynton,jboyntonbq@unblog.fr,Male,3548799815929575,$336756.76
424,Rosamund,Bride,rbridebr@intel.com,Female,3580621417777427,$114283.55
425,Darla,Feeney,dfeeneybs@cdc.gov,Polygender,3553971595565505,$278910.85
426,Alvina,Snelle,asnellebt@usatoday.com,Genderqueer,3548534084973321,$192879.05
427,Mandi,Sissons,msissonsbu@1und1.de,Male,5010129504462130,$123390.94
428,Amerigo,Titmus,atitmusbv@multiply.com,Male,5602248232212453459,$213985.21
429,Augy,Warwicker,awarwickerbw@pagesperso-orange.fr,Male,5641829599172380,$78623.87
430,Ramonda,Tax,rtaxbx@hexun.com,Male,3575853493060108,$204327.72
431,Silvie,Copestick,scopestickby@weebly.com,Female,5602232243045661869,$162704.11
432,Raymund,Spiteri,rspiteribz@ucoz.com,Agender,67719936002274419,$158012.47
433,Carol-jean,Kobsch,ckobschc0@xinhuanet.com,Polygender,3533618529103540,$32738.55
434,Anthia,Cave,acavec1@storify.com,Female,675972512070122251,$293188.13
435,Merry,Wais,mwaisc2@google.com.au,Male,3587359128425621,$155631.16
436,Darrick,Busse,dbussec3@bravesites.com,Female,201678047919279,$284007.87
437,Ruggiero,Crockley,rcrockleyc4@qq.com,Male,3548795109654044,$225782.49
438,Fabio,Roft,froftc5@bizjournals.com,Male,63046997794427899,$274512.35
439,Gianina,Ginity,gginityc6@mapquest.com,Female,3541542259474394,$30011.25
440,Tadio,Dillingstone,tdillingstonec7@buzzfeed.com,Female,3542215218451469,$313880.01
441,Julienne,Bulfoy,jbulfoyc8@is.gd,Male,374288679134238,$314087.33
442,Benson,Fessions,bfessionsc9@1und1.de,Female,4936580830023521,$286982.07
443,Lexine,Atchly,latchlyca@bloomberg.com,Male,5100142674462609,$23469.93
444,Mata,Everingham,meveringhamcb@fastcompany.com,Female,4405663340450087,$13472.51
445,Web,O'Boyle,woboylecc@hubpages.com,Genderqueer,3532115748748792,$44084.89
446,Jonah,Kerwen,jkerwencd@a8.net,Male,374622552493248,$347234.85
447,Rhetta,Clotworthy,rclotworthyce@slate.com,Male,3536301697032885,$177368.03
448,Jessalyn,Chislett,jchislettcf@cornell.edu,Female,3559604948184088,
449,Mirella,Brennenstuhl,mbrennenstuhlcg@oracle.com,Female,675998205463456382,$192066.60
450,Koral,Biford,kbifordch@foxnews.com,Female,56022364671343529,$164150.20
451,Rikki,Farnfield,rfarnfieldci@wikimedia.org,Male,3570538255877311,$1682.54
452,Candice,Peers,cpeerscj@fda.gov,Male,379463575510949,$251452.24
453,Glenden,Jellard,gjellardck@un.org,Non-binary,4405711800308822,$3436.15
454,Colan,Kuhnwald,ckuhnwaldcl@cafepress.com,Female,4405613730161455,$280373.75
455,Garfield,Jirka,gjirkacm@nhs.uk,Female,3587337443548616,$206503.39
456,Reynolds,Dalgarno,rdalgarnocn@ox.ac.uk,Female,58937939849583203,$256753.59
457,Alfons,MacConnal,amacconnalco@sfgate.com,Male,3561413511988529,$178835.44
458,Nefen,Patington,npatingtoncp@cisco.com,Male,6333524878487002,$283592.20
459,Rennie,Di Carli,rdicarlicq@earthlink.net,Male,3582773693593743,$151208.79
460,Alexis,Deeson,adeesoncr@parallels.com,Female,5002359717576968,$340930.83
461,Barrett,Perdue,bperduecs@unicef.org,Female,30012396904624,$194867.15
462,Willabella,Lomasny,wlomasnyct@gravatar.com,Male,501823591742988553,$327404.28
463,Fanechka,Kettle,fkettlecu@aol.com,Polygender,6373634102071851,$257798.02
464,Merrill,Banting,mbantingcv@epa.gov,Female,3540790987703730,$294862.67
465,Catharina,Askaw,caskawcw@dailymotion.com,Male,3536238013081891,$304820.91
466,Randolf,Domeny,rdomenycx@w3.org,Female,56022213375361701,$288343.61
467,Christina,Lofting,cloftingcy@cyberchimps.com,Male,3570873214370441,$349222.44
468,Callie,Lempel,clempelcz@youtu.be,Male,502045150203447375,$182366.41
469,Wallace,Andreazzi,wandreazzid0@chron.com,Male,372301197501291,$342967.29
470,Mignon,Graber,mgraberd1@wikipedia.org,Male,374283374816064,$118321.64
471,Matthaeus,McCowen,mmccowend2@soup.io,Female,5602212880725843,$188611.97
472,Daria,MacInherney,dmacinherneyd3@psu.edu,Female,3586134860186595,$250137.80
473,Camellia,McReynold,cmcreynoldd4@nationalgeographic.com,Female,374283199055583,$94672.97
474,Adamo,Rudman,arudmand5@admin.ch,Female,4917903078516233,$284560.49
475,Tobit,Incogna,tincognad6@miibeian.gov.cn,Female,340903771671777,$257625.27
476,Janela,Klempke,jklempked7@hhs.gov,Male,3577921021663707,$61969.09
477,Mordecai,Belloch,mbellochd8@arstechnica.com,Female,36186956599687,$324234.79
478,Rosmunda,Dudeney,rdudeneyd9@virginia.edu,Female,201896450026313,$240513.22
479,Josi,Scantleberry,jscantleberryda@java.com,Female,3549165785516538,$66851.75
480,Grant,Sagg,gsaggdb@utexas.edu,Male,560221478635043270,$164694.16
481,Ingunna,Saywell,isaywelldc@businessinsider.com,Female,3583601052015538,$218791.95
482,Estele,Durtnall,edurtnalldd@mashable.com,Male,3551438637368712,$92960.71
483,Galen,Tabour,gtabourde@comsenz.com,Male,5002353914249230,$116995.93
484,Tuesday,Weston,twestondf@drupal.org,Female,4905053967736898901,$84926.29
485,Reagen,Nevinson,rnevinsondg@indiegogo.com,Male,3539394419185468,$194074.03
486,Giuseppe,Trobe,gtrobedh@apache.org,Male,491115856676168543,$119826.47
487,Davin,Mabey,dmabeydi@indiatimes.com,Male,3588044900886799,$233500.35
488,Nelson,Wrefford,nwrefforddj@vk.com,Male,3551317589305304,$348651.65
489,Klaus,Bonwick,kbonwickdk@webnode.com,Male,5602220792050770,$57820.08
490,Josefa,Serjeantson,jserjeantsondl@parallels.com,Female,4041374037892694,$261360.78
491,Bridgette,Veasey,bveaseydm@hc360.com,Male,337941996985221,$70850.90
492,Rhea,Donnell,rdonnelldn@altervista.org,Female,3557862653922447,$5994.81
493,Sigismond,Load,sloaddo@latimes.com,Female,5007660160546951,$222580.73
494,Hillyer,Holleworth,hholleworthdp@mtv.com,Male,3580805094384710,
495,Daffi,Preece,dpreecedq@twitter.com,Genderfluid,3542702011669363,$41586.00
496,Lauren,Scarasbrick,lscarasbrickdr@dagondesign.com,Male,337941721182565,$78759.38
497,Merrile,Kraut,mkrautds@netscape.com,Male,3537618286272989,$187629.05
498,Blane,Simonson,bsimonsondt@cnet.com,Female,3580412566757802,$246750.25
499,Annadiane,Kerfut,akerfutdu@ucsd.edu,Male,67066904156246343,$330684.61
500,Harv,Puckinghorne,hpuckinghornedv@dropbox.com,Female,3585092362111357,$179429.91
501,Ashia,Yesenin,ayesenindw@desdev.cn,Female,30032723721657,$222191.25
502,Giselle,Beggs,gbeggsdx@examiner.com,Female,3550723764784299,$233866.09
503,Tim,Beatens,tbeatensdy@newyorker.com,Female,5048370544549645,$333802.79
504,Irwinn,Simonelli,isimonellidz@geocities.jp,Male,3572600215818716,$71533.73
505,Gwendolin,Bradburn,gbradburne0@unblog.fr,Female,4844931272224427,$58485.45
506,Stanton,Whittington,swhittingtone1@gravatar.com,Female,3576945023570553,$188470.33
507,Lissie,Warrick,lwarricke2@tinyurl.com,Female,3541486764900917,$260820.64
508,Heloise,Petow,hpetowe3@state.gov,Male,5602238787967436,$169798.54
509,Courtenay,Dimsdale,cdimsdalee4@phoca.cz,Female,3533022676147089,$294309.18
510,Danie,Giraldo,dgiraldoe5@simplemachines.org,Male,3550696687528367,$205957.56
511,Agathe,Wordesworth,awordesworthe6@wiley.com,Female,201982262166800,$219524.00
512,Morris,Bettesworth,mbettesworthe7@tamu.edu,Male,6334199203595160969,$211710.32
513,Arny,Serck,asercke8@mozilla.com,Male,374283794726364,$267364.36
514,Geralda,Marklow,gmarklowe9@blogger.com,Agender,502002834515055890,$243182.68
515,Jessamyn,Wardington,jwardingtonea@ning.com,Male,36542817351686,$87753.35
516,Miguela,Pillinger,mpillingereb@123-reg.co.uk,Male,5602259933515457,$214485.65
517,Michele,Pairpoint,mpairpointec@skype.com,Female,374283895906782,$109336.81
518,Briant,Ritchard,britcharded@elpais.com,Male,3533324286436880,$106903.01
519,Kele,Casin,kcasinee@marriott.com,Female,3585080746713444,$78783.88
520,Nathanial,Bennington,nbenningtonef@sphinn.com,Non-binary,30417669558827,$36733.22
521,Agnola,McCluin,amccluineg@gnu.org,Female,3564972198985527,$173804.16
522,Roshelle,Vedyashkin,rvedyashkineh@sciencedirect.com,Male,3548460338620270,$299913.35
523,Renaldo,Witnall,rwitnallei@goo.ne.jp,Male,3550825331354371,$235267.78
524,Max,Ranscome,mranscomeej@nbcnews.com,Male,6382299509148113,$28583.92
525,Lilah,Greedyer,lgreedyerek@statcounter.com,Female,560221525320451778,$83977.82
526,Maryrose,Tenny,mtennyel@fc2.com,Male,5602236109043985,$174580.28
527,Allister,Poultney,apoultneyem@miibeian.gov.cn,Genderqueer,5108757333303548,$287467.80
528,Flinn,Waddingham,fwaddinghamen@xing.com,Male,3588008708005316,$255705.86
529,Christoffer,Jouandet,cjouandeteo@sfgate.com,Male,5602218381346526,$108077.13
530,Ericha,Boldock,eboldockep@apache.org,Male,3566997146052151,$232536.39
531,Lura,Giovanetti,lgiovanettieq@goo.ne.jp,Female,3565104933213978,$129820.64
532,Amelie,Gurery,agureryer@home.pl,Female,374622656453338,$179966.59
533,Lowrance,Bromilow,lbromilowes@t-online.de,Female,560224389228160289,$300635.61
534,Willis,Dahlman,wdahlmanet@ftc.gov,Female,3582048278264683,$177612.97
535,Linell,Snasdell,lsnasdelleu@irs.gov,Female,5020490850985794054,$256606.64
536,Bethina,Lugsdin,blugsdinev@economist.com,Male,6706972216283154,$326961.46
537,Forest,Smewing,fsmewingew@1und1.de,Female,6709499188255074,$225298.01
538,Alix,Chubb,achubbex@harvard.edu,Female,201934002663679,
539,Kendra,Sammons,ksammonsey@nature.com,Female,3534778152125787,$181464.68
540,Judye,Leggon,jleggonez@desdev.cn,Male,560225488662760056,$35374.65
541,Holly,Quelch,hquelchf0@biblegateway.com,Male,36148486018042,$12679.44
542,Aigneis,Dashkov,adashkovf1@dell.com,Male,676270055291265548,$196390.20
543,Ferdinand,Klossmann,fklossmannf2@cargocollective.com,Female,3560752173958341,$76313.76
544,Winston,Trenbay,wtrenbayf3@technorati.com,Female,3584394135414220,$224740.25
545,Gaylene,MacPherson,gmacphersonf4@altervista.org,Female,6709670200689389,$229037.01
546,Shelby,Grewcock,sgrewcockf5@cnbc.com,Female,67714180235124407,$101022.53
547,Shawna,Braddon,sbraddonf6@slate.com,Female,4041373656867,$270360.69
548,Allard,Abramovitch,aabramovitchf7@msn.com,Male,3564174109262654,$194434.67
549,Agna,Semmens,asemmensf8@quantcast.com,Genderfluid,5191803976677968,$31231.38
550,Matilde,Agott,magottf9@jiathis.com,Male,3563901878057373,$74093.49
551,Damiano,Harvatt,dharvattfa@networkadvertising.org,Male,5602223477568934,$172975.20
552,Elias,Drewry,edrewryfb@ox.ac.uk,Female,3575521935890073,$288671.75
553,Kristofor,Sheeran,ksheeranfc@skype.com,Non-binary,3541844087704913,$271148.84
554,Shandy,Sparry,ssparryfd@istockphoto.com,Female,633387012398897435,$220979.82
555,Tania,Birts,tbirtsfe@cmu.edu,Female,3554731575656032,$21986.72
556,Gipsy,Apdell,gapdellff@addthis.com,Female,3551100527551183,$174695.12
557,Ham,Maraga,hmaragafg@phoca.cz,Male,3589712529066899,$133716.15
558,Orly,Pragnall,opragnallfh@dailymail.co.uk,Female,5434150735645424,$200821.29
559,Leodora,Fontell,lfontellfi@sourceforge.net,Female,3559747911557887,$63091.76
560,Laura,Burdell,lburdellfj@amazon.co.jp,Male,4405242725650940,$68749.77
561,Joshua,Leivers,jleiversfk@mac.com,Female,6380599335297857,$300661.35
562,Calhoun,Swidenbank,cswidenbankfl@blog.com,Female,30053596717044,$200295.58
563,Anallese,Hilling,ahillingfm@washingtonpost.com,Female,3532374162922504,$319925.85
564,Michel,O'Shavlan,moshavlanfn@nbcnews.com,Male,5437044643068372,$201280.39
565,Carlynn,Fowlie,cfowliefo@xing.com,Male,670969847441753475,$316111.48
566,Padgett,Sopper,psopperfp@upenn.edu,Female,3532593849544452,$39089.51
567,Ole,Crotty,ocrottyfq@ezinearticles.com,Male,201461410160544,$309279.71
568,Merilee,Huntingford,mhuntingfordfr@zdnet.com,Female,3530619517797221,$290237.21
569,Jimmy,Dollar,jdollarfs@canalblog.com,Genderqueer,4936665024021105603,
570,Lynnette,Onge,longeft@booking.com,Male,3585695842205712,$330863.11
571,Sven,Kirsche,skirschefu@msu.edu,Female,3557362750987831,$295516.79
572,Kiley,oldey,koldeyfv@foxnews.com,Genderqueer,337941803837128,$110069.78
573,Mariann,Cleever,mcleeverfw@amazon.com,Female,3546601550547145,$176906.16
574,Everard,Kasbye,ekasbyefx@jugem.jp,Male,3585484244829183,$18019.45
575,Talbert,Hultberg,thultbergfy@ocn.ne.jp,Female,5641825265908261231,$349300.18
576,Adelaide,Shemmin,ashemminfz@timesonline.co.uk,Male,3589256845551051,$53330.83
577,Jarred,Feighney,jfeighneyg0@yahoo.com,Female,3551600996087445,$200546.45
578,Amalle,Bridgnell,abridgnellg1@lycos.com,Non-binary,3538682062284609,$74930.60
579,Talbot,Shaves,tshavesg2@cmu.edu,Female,30095528693579,$20036.00
580,Babette,Oby,bobyg3@vinaora.com,Male,3551288821258496,$166073.79
581,Perle,Giacomucci,pgiacomuccig4@blinklist.com,Female,6761829355005300411,$120582.15
582,Jordan,Winney,jwinneyg5@tripod.com,Female,4405067698457886,$249828.30
583,Phillipe,Minogue,pminogueg6@yellowbook.com,Male,3574780021415242,$232009.34
584,Jemima,Lewisham,jlewishamg7@google.es,Male,30423893609030,$228939.68
585,Francklyn,McGrey,fmcgreyg8@github.io,Female,340369321091397,$8297.67
586,Ford,Storcke,fstorckeg9@w3.org,Male,3535973582062796,$343204.62
587,Eleanore,Villa,evillaga@myspace.com,Female,676112685275793818,$11263.84
588,Orlan,Elnor,oelnorgb@freewebs.com,Male,3581600671701264,$103862.87
589,Gerry,Grew,ggrewgc@mac.com,Male,4936470109800074,$229347.50
590,Gaultiero,Lapham,glaphamgd@virginia.edu,Female,50206293028612800,$75231.84
591,Tyson,Claessens,tclaessensge@seattletimes.com,Male,3583003541234608,$151827.04
592,Beverley,Benedit,bbeneditgf@cnet.com,Female,4026309107859412,$236094.19
593,Mona,Semmence,msemmencegg@oaic.gov.au,Female,3530970196581950,$191547.33
594,Sadye,Keeley,skeeleygh@microsoft.com,Female,3538619215685738,$285658.25
595,Gigi,Stickney,gstickneygi@npr.org,Male,4026560003904484,$325531.69
596,Katerina,Davydychev,kdavydychevgj@desdev.cn,Female,5100172911208465,$216064.09
597,Andromache,Passe,apassegk@merriam-webster.com,Male,3562286779666329,$202287.46
598,Darius,Thyer,dthyergl@china.com.cn,Female,6763377992431706,$66465.28
599,Martita,Musgrove,mmusgrovegm@usatoday.com,Male,6373448027533154,$134595.57
600,Shellysheldon,Vasic,svasicgn@icio.us,Male,3555491457307670,$80695.69
601,Nisse,Schwandt,nschwandtgo@hc360.com,Male,4936682699797433260,$18177.96
602,Sigfrid,Lemin,slemingp@oracle.com,Genderfluid,3560416744081039,$231094.96
603,Ilario,Dearman,idearmangq@amazon.com,Female,3559507252437549,$327403.16
604,Marnia,Kibble,mkibblegr@ameblo.jp,Female,3528231431011038,$291247.13
605,Alfy,Victoria,avictoriags@vkontakte.ru,Female,3586643862679845,$156663.41
606,Tildy,Dowzell,tdowzellgt@cloudflare.com,Genderfluid,3555246961464858,$336137.36
607,Park,Siley,psileygu@senate.gov,Male,201660119353751,$96589.56
608,Romonda,Westman,rwestmangv@statcounter.com,Female,3543626331319640,$77336.37
609,Eduard,Sirman,esirmangw@alexa.com,Female,3559760862120571,$239555.30
610,Maryl,Clarricoates,mclarricoatesgx@gravatar.com,Female,5610572312901563,$83489.77
611,Hildagard,Meneer,hmeneergy@sina.com.cn,Female,3539184046979601,$6287.86
612,Hal,Kalinovich,hkalinovichgz@oakley.com,Female,5302505965413505,$273478.50
613,Ludvig,McClenan,lmcclenanh0@independent.co.uk,Female,5100133168301486,$300186.08
614,Ellary,Roose,erooseh1@theatlantic.com,Bigender,3550335931385833,$238755.40
615,Baxter,Henriet,bhenrieth2@chron.com,Male,4041598520229,$206499.04
616,Rivkah,Niesel,rnieselh3@qq.com,Female,56022284337376822,$244389.72
617,Matilde,Archdeckne,marchdeckneh4@sun.com,Female,3584484403534328,$67606.29
618,Darrell,Melross,dmelrossh5@mediafire.com,Female,5893515436661855202,$314493.97
619,Marquita,Buston,mbustonh6@jalbum.net,Female,5007663571910071,$49226.06
620,Edmon,McKevitt,emckevitth7@java.com,Male,3550399067048284,$21683.77
621,Markos,Wickey,mwickeyh8@g.co,Male,36779126376562,$247458.14
622,Gottfried,Clapison,gclapisonh9@nationalgeographic.com,Polygender,3567686457577018,$328021.04
623,Mort,Truitt,mtruittha@youku.com,Female,374288342840609,$186918.11
624,Sibylla,Kinig,skinighb@pinterest.com,Female,4764121122098231,$228193.36
625,Floyd,Horrigan,fhorriganhc@dell.com,Female,3531972691677993,$146714.20
626,Minor,Malone,mmalonehd@mapquest.com,Male,3576701178403888,$254156.62
627,Gaspar,Pegden,gpegdenhe@uiuc.edu,Polygender,30236058434006,$144388.04
628,Jacquetta,Prevost,jprevosthf@globo.com,Female,3589486850131099,$268909.33
629,Myrvyn,Heinig,mheinighg@artisteer.com,Male,201592537293980,$157821.38
630,Pammi,Bough,pboughhh@feedburner.com,Non-binary,3577303445268803,$41642.25
631,Colman,Stobbe,cstobbehi@sourceforge.net,Female,3553467695872792,$59506.78
632,Lynn,De Lasci,ldelascihj@alexa.com,Female,3569839070671316,$181351.64
633,Ramonda,Dealey,rdealeyhk@example.com,Male,4913591835182805,$145426.99
634,Nannie,Fanning,nfanninghl@typepad.com,Female,3567956244820900,$266263.38
635,Gerri,Freear,gfreearhm@shutterfly.com,Male,3566157730057971,$71593.43
636,Joyous,Polglaze,jpolglazehn@topsy.com,Non-binary,5100141150806255,$148533.47
637,Lula,Agirre,lagirreho@jugem.jp,Male,30138421395569,$233139.42
638,Wye,Bartley,wbartleyhp@aol.com,Male,201650952661469,$35284.84
639,Nikola,Howis,nhowishq@netvibes.com,Male,5602221071297611,$161062.62
640,Mona,Vause,mvausehr@geocities.jp,Male,374622613556942,$210054.92
641,Lyndsie,Messingham,lmessinghamhs@earthlink.net,Male,3588070642797986,$210109.71
642,Candra,Pick,cpickht@about.me,Male,30188194262827,$143385.52
643,Cornelia,Rutherford,crutherfordhu@miitbeian.gov.cn,Male,6331109411040851117,$229173.77
644,Annetta,Gettone,agettonehv@cornell.edu,Female,5100144639875503,$31834.67
645,Tessie,Clutram,tclutramhw@yale.edu,Female,67631889169978576,$220255.29
646,Magdalene,Coxen,mcoxenhx@foxnews.com,Female,3586797951653853,$154808.42
647,Curtice,Mankor,cmankorhy@blogtalkradio.com,Genderqueer,3582321909665085,$72504.13
648,Valdemar,Eltone,veltonehz@geocities.com,Female,3534670612485820,$232177.23
649,Ema,Bebbington,ebebbingtoni0@pcworld.com,Male,3539508721583231,$178341.65
650,Shaylynn,Markova,smarkovai1@ft.com,Female,560221479461777122,$269435.84
651,Daven,Bertholin,dbertholini2@businesswire.com,Male,6333166088093855918,$165527.05
652,Alina,Prene,aprenei3@fda.gov,Polygender,675995409790436173,$38049.93
653,Ingrim,Dillinger,idillingeri4@skype.com,Male,3589390581552781,$256203.76
654,Odette,Nussii,onussiii5@ameblo.jp,Male,3568062052541099,$294610.40
655,Eve,de Broke,edebrokei6@dropbox.com,Male,374283192875300,$203680.02
656,Trip,Colquete,tcolquetei7@blog.com,Male,3574727405898063,$233209.36
657,Virginie,Danilewicz,vdanilewiczi8@blogger.com,Female,3570272504086314,$203849.04
658,Stanly,Champken,schampkeni9@google.fr,Female,6380112386567200,$17090.33
659,Alexio,Websdale,awebsdaleia@list-manage.com,Male,63047197401428377,$147179.46
660,Mattias,Pay,mpayib@guardian.co.uk,Female,3543354297879479,$59429.63
661,Rodrique,Hannigane,rhanniganeic@trellian.com,Male,3529422781833233,$100944.72
662,Freedman,Balleine,fballeineid@businessinsider.com,Female,201410741042723,$336139.81
663,Zola,Astell,zastellie@desdev.cn,Genderqueer,5602239421931663,$261209.34
664,Nevil,Sturror,nsturrorif@berkeley.edu,Male,5020873826107869,$343960.48
665,Aurilia,Tubritt,atubrittig@mozilla.org,Male,3537769847004062,$190659.68
666,Lilah,Gerretsen,lgerretsenih@dell.com,Female,4911945867976892,$268623.22
667,Errick,Sperling,esperlingii@squarespace.com,Female,3551997601863487,$161145.65
668,Saw,Cousin,scousinij@instagram.com,Male,5641824469378670,$99031.29
669,Carlin,Kordt,ckordtik@ustream.tv,Male,5602248832188369066,$160302.84
670,Arluene,Camber,acamberil@auda.org.au,Genderfluid,3537142811544952,$279223.64
671,Effie,Wingham,ewinghamim@imgur.com,Female,343774519187898,$277086.45
672,Brunhilde,Celloni,bcelloniin@npr.org,Female,4844485500023614,$208902.40
673,Merilyn,Bendle,mbendleio@weibo.com,Bigender,3582537570148172,$134724.92
674,Fionnula,Gethin,fgethinip@stumbleupon.com,Male,675977071131294539,$31461.25
675,Kyle,Gandey,kgandeyiq@ameblo.jp,Male,3584657008986734,$147906.14
676,Samaria,Van der Daal,svanderdaalir@cnet.com,Female,349204519591430,$45467.52
677,Alan,Barron,abarronis@nymag.com,Genderqueer,5602234378485219,$233085.00
678,Hoebart,Meacher,hmeacherit@fc2.com,Male,67097355882765663,$207567.03
679,Kelley,Brownrigg,kbrownriggiu@wikimedia.org,Male,560224180547061146,$209867.75
680,Rosalind,Baily,rbailyiv@symantec.com,Male,3553538688411234,$186434.24
681,Anet,Blune,abluneiw@si.edu,Male,5602244692982742,$190052.93
682,Jim,Shinn,jshinnix@ning.com,Female,3554956988440068,$283714.50
683,Gaelan,Warrilow,gwarrilowiy@artisteer.com,Female,6380684379286980,$23296.84
684,Sky,Dickey,sdickeyiz@nsw.gov.au,Non-binary,56022491223121960,$315169.48
685,Hugh,Jedrasik,hjedrasikj0@bigcartel.com,Female,3568124721568422,$161945.53
686,Winny,Coslett,wcoslettj1@cam.ac.uk,Male,374288918327957,$322108.15
687,Annadiane,Elsmore,aelsmorej2@ucsd.edu,Agender,3586850665359604,$226750.40
688,Cody,Bamforth,cbamforthj3@ft.com,Male,5390440844380530,$33402.49
689,Coralie,Arkley,carkleyj4@cdbaby.com,Male,375145486205115,$46820.78
690,Evelyn,Hens,ehensj5@cyberchimps.com,Female,3547840950427701,$20338.52
691,Errol,Greggor,egreggorj6@github.com,Male,3568955885015985,$343770.44
692,Haydon,Brandts,hbrandtsj7@phoca.cz,Male,5506107770383082,$146997.61
693,Stanton,Sleep,ssleepj8@ft.com,Male,3544780503892402,$121771.82
694,Enrika,Lascelles,elascellesj9@narod.ru,Female,3577816673725301,$202858.60
695,Josey,Stiffell,jstiffellja@csmonitor.com,Polygender,3531909677511275,$167889.26
696,Normand,Aronsohn,naronsohnjb@unesco.org,Bigender,3589154987433776,$208308.88
697,Luelle,Cartner,lcartnerjc@skyrock.com,Female,3556260126920836,$274691.61
698,Augustina,Veal,avealjd@technorati.com,Non-binary,5100179680756053,$104541.26
699,Curt,Crumb,ccrumbje@networkadvertising.org,Genderqueer,5893322712853347,$318831.45
700,Ive,Yurkov,iyurkovjf@usda.gov,Male,374283147291983,$41100.73
701,Riordan,Weakley,rweakleyjg@edublogs.org,Female,6767948592288856296,$155959.20
702,Grete,Inglesfield,ginglesfieldjh@slate.com,Male,5102645860491248,$152911.25
703,Carver,Threlkeld,cthrelkeldji@pbs.org,Female,5563520048855386,$320192.82
704,Valentino,Stodart,vstodartjj@dagondesign.com,Bigender,0604118484741640,$42175.17
705,Nicola,Moran,nmoranjk@mac.com,Male,4041590666922599,$38479.23
706,Tomasina,Hazel,thazeljl@nytimes.com,Female,201962398797108,$303758.82
707,Rutter,Carnilian,rcarnilianjm@craigslist.org,Male,5363877122549778,$193967.20
708,Flossy,McHaffy,fmchaffyjn@wikispaces.com,Female,3582524591243083,$14399.49
709,Saxon,Dionis,sdionisjo@com.com,Male,56022107319958483,$327205.80
710,Germain,Priddie,gpriddiejp@ifeng.com,Male,3561314410572713,$66575.86
711,Ricoriki,Murricanes,rmurricanesjq@mediafire.com,Male,6334314684311227,$197371.19
712,Celie,Killik,ckillikjr@soup.io,Male,5602212634119616,$278467.67
713,Ingeborg,Meneely,imeneelyjs@huffingtonpost.com,Female,4911921232257734169,$70806.69
714,Harley,Meekin,hmeekinjt@whitehouse.gov,Male,3587015093274770,$161834.83
715,Nollie,Naris,nnarisju@elpais.com,Female,3587113492277237,$100738.98
716,Simona,Sorey,ssoreyjv@issuu.com,Genderqueer,3528855923064293,$90803.21
717,Jeramie,Kingaby,jkingabyjw@chron.com,Female,5602241174169525,$331510.44
718,Filmore,O'Sirin,fosirinjx@globo.com,Female,3566410428251848,$2662.18
719,Orton,Alenin,oaleninjy@utexas.edu,Male,5610124513426244145,$332362.77
720,Myrlene,Belmont,mbelmontjz@wix.com,Male,5602242217273712,$50659.00
721,Myrtle,Sayce,msaycek0@ustream.tv,Female,5007662624903828,$80838.87
722,Tucker,Harling,tharlingk1@qq.com,Female,5321258781916965,$246807.01
723,Cecil,Blaxland,cblaxlandk2@ask.com,Female,372301792944409,$178657.33
724,Jules,Boole,jboolek3@joomla.org,Female,3556834438397626,$225194.15
725,Zach,Postgate,zpostgatek4@vk.com,Male,3578284198821098,$101396.81
726,Rosie,Grevile,rgrevilek5@mac.com,Female,201665159839338,$119368.35
727,Ilyssa,Robottham,irobotthamk6@desdev.cn,Male,6767656096983282,$98216.27
728,Giffard,Burrow,gburrowk7@skype.com,Female,3562251495294384,$82321.79
729,Talbot,Passey,tpasseyk8@hud.gov,Genderfluid,4041370079319810,$289001.15
730,Cammy,Spellard,cspellardk9@wikia.com,Male,3585387811713492,$262444.16
731,Ky,Gebhard,kgebhardka@technorati.com,Male,3543146836584317,$185795.26
732,Lani,MacGilfoyle,lmacgilfoylekb@weebly.com,Female,5002353705320232,$218779.93
733,Rochester,Seabon,rseabonkc@admin.ch,Female,5163442981742550,$150416.73
734,Crista,Leuty,cleutykd@example.com,Female,201752107493309,$33012.07
735,Lyndsey,Dougher,ldougherke@apache.org,Non-binary,3558093367494270,$140972.37
736,Keefer,O' Shea,kosheakf@virginia.edu,Male,375045336207982,$281533.71
737,Rockwell,Cissell,rcissellkg@telegraph.co.uk,Genderqueer,5038177504654788432,$243465.19
738,Jennifer,Scurrah,jscurrahkh@alexa.com,Bigender,4041371991829,$52729.31
739,Tana,Crean,tcreanki@example.com,Male,30425063290020,$289790.96
740,Carley,Tolmie,ctolmiekj@fda.gov,Male,30224110177565,$171154.67
741,Amara,Antoshin,aantoshinkk@earthlink.net,Male,3574147455246206,$60855.45
742,Bo,Attride,battridekl@purevolume.com,Female,3547285733348933,$39528.70
743,Claudia,Eggers,ceggerskm@bravesites.com,Male,4017953832417,$78495.64
744,Andrei,Spencers,aspencerskn@storify.com,Female,561053450258692676,$10366.68
745,Jakob,Reihill,jreihillko@moonfruit.com,Female,3579945689207836,$107740.46
746,Meyer,Degnen,mdegnenkp@livejournal.com,Female,3549640193005811,$58429.11
747,Stephanus,Dhenin,sdheninkq@symantec.com,Polygender,346947228592254,$135145.33
748,Tan,Bucky,tbuckykr@cnn.com,Male,560221846535129722,$225561.78
749,Chuck,Danielovitch,cdanielovitchks@ted.com,Female,3550830291194460,$288539.22
750,Aguistin,Angeau,aangeaukt@example.com,Male,3536041033433518,$305005.82
751,Nicolis,Boat,nboatku@phpbb.com,Female,5602258456277305,$230951.84
752,Enrica,Stithe,estithekv@google.co.uk,Female,560225371120291692,$261479.45
753,Joela,Stephens,jstephenskw@mashable.com,Male,4911539919402039,$322406.35
754,Ardys,Richter,arichterkx@mayoclinic.com,Female,340233218834469,$315630.75
755,Haskell,Berkeley,hberkeleyky@unicef.org,Bigender,3545250824033739,$105408.31
756,Adaline,Meron,ameronkz@imdb.com,Male,3547200101000271,$169141.26
757,Padgett,Foli,pfolil0@google.com,Female,5641827893837664932,$78824.75
758,Michelina,Taplin,mtaplinl1@free.fr,Male,3575573900969044,$15542.48
759,Brandyn,Pelerin,bpelerinl2@dell.com,Female,3585812729160940,$58524.94
760,Brana,Gason,bgasonl3@sciencedaily.com,Male,6304614672399093040,$146404.65
761,Frederico,Player,fplayerl4@europa.eu,Female,3558692200138422,$147118.59
762,Harriett,Eginton,hegintonl5@google.ru,Female,3572754045909052,$306991.51
763,Caleb,Littrick,clittrickl6@prnewswire.com,Male,4508679182242487,$46523.62
764,Rochell,Knellen,rknellenl7@guardian.co.uk,Male,5602239954190729,$4783.54
765,Nicolas,Darling,ndarlingl8@si.edu,Male,3538348181759372,$295466.74
766,Lorraine,Coryndon,lcoryndonl9@prweb.com,Female,670689632816193195,$295299.74
767,Sherlocke,Benedek,sbenedekla@prnewswire.com,Female,5322247796903190,$105772.49
768,Alverta,Wignall,awignalllb@earthlink.net,Male,3569779684880293,$191239.84
769,Flora,Cornford,fcornfordlc@devhub.com,Female,5602231086862978,$217895.79
770,Olympia,Galland,ogallandld@globo.com,Male,5602223256026955,$252471.23
771,Luke,Tomasoni,ltomasonile@alibaba.com,Female,4041597423622966,$107004.40
772,Sandye,Moss,smosslf@vistaprint.com,Male,3533440679459741,$123324.11
773,Shawn,Gaize,sgaizelg@sfgate.com,Female,5150922773190832,$202140.89
774,Egan,Kenwell,ekenwelllh@gravatar.com,Agender,5602245151818871,$344000.27
775,Melodie,Lydiate,mlydiateli@fc2.com,Male,3530567673072683,$125663.47
776,Robinetta,Schrader,rschraderlj@seattletimes.com,Female,5602238565003362,$129269.34
777,Thurston,Boother,tbootherlk@craigslist.org,Male,5256492571936789,$19076.98
778,Sherilyn,Ick,sickll@ucoz.com,Bigender,5514911056845163,$346355.41
779,Emanuele,Bullingham,ebullinghamlm@multiply.com,Male,201787997783765,$154991.00
780,Ailis,Manston,amanstonln@purevolume.com,Female,3559949700543710,$192079.45
781,Ana,Barstowk,abarstowklo@51.la,Female,3561054108929573,$67431.91
782,Caria,Croad,ccroadlp@usa.gov,Female,633110117438021054,$341541.82
783,Yasmeen,Bettison,ybettisonlq@independent.co.uk,Female,3563101366908266,$220689.73
784,Paddie,Wolfit,pwolfitlr@linkedin.com,Female,374283437186026,$24898.41
785,Mallorie,Butson,mbutsonls@rakuten.co.jp,Male,5108755886198885,$96563.55
786,Alvan,Grogan,agroganlt@fotki.com,Male,3586951989300827,$252694.69
787,Gisela,Seide,gseidelu@ox.ac.uk,Male,3563412817862006,$243519.29
788,Cassy,Copp,ccopplv@merriam-webster.com,Male,4844603598989740,$90726.72
789,Marys,D'eathe,mdeathelw@google.com.au,Female,374288405845560,$178259.58
790,Ferdinanda,Measures,fmeasureslx@nba.com,Male,3586001789837105,$181201.74
791,Emile,Aldred,ealdredly@cbc.ca,Male,5602213320535958,$20160.70
792,Bealle,Dessent,bdessentlz@nationalgeographic.com,Male,560223374961557348,$266780.34
793,Madelin,Dadd,mdaddm0@simplemachines.org,Female,5499153533937201,$278862.64
794,Kalina,Tampen,ktampenm1@ifeng.com,Male,3577486536095951,$62583.10
795,Annora,Valde,avaldem2@pcworld.com,Genderfluid,374288884902890,$290962.59
796,Merl,Selburn,mselburnm3@cyberchimps.com,Polygender,3547503500712606,$255940.87
797,Wolfy,Lorman,wlormanm4@imgur.com,Male,3570122751762663,$119059.42
798,Korry,Walbrun,kwalbrunm5@mayoclinic.com,Bigender,5271667203102105,$30865.74
799,Hannis,Whittington,hwhittingtonm6@twitpic.com,Male,3584312675896556,$322825.03
800,Hannah,Pietruszewicz,hpietruszewiczm7@princeton.edu,Male,3567153863274565,$166077.07
801,Frieda,Winterflood,fwinterfloodm8@imdb.com,Female,5602210108623832,$264217.74
802,Fanni,Jelley,fjelleym9@naver.com,Male,6759578346419712306,$190122.05
803,Reube,Herries,rherriesma@skype.com,Male,30166638985559,$276181.55
804,Theo,Winwright,twinwrightmb@cbslocal.com,Male,3532613143319011,$279951.37
805,Sayres,Marconi,smarconimc@time.com,Female,374622099070962,$294165.40
806,Bellina,Revington,brevingtonmd@istockphoto.com,Female,5411259447904909,$306563.25
807,Lindon,Waterstone,lwaterstoneme@merriam-webster.com,Female,4913901893816204,$238386.79
808,Joan,Pumfrey,jpumfreymf@berkeley.edu,Male,4905205165020402996,$109534.92
809,Iris,Paeckmeyer,ipaeckmeyermg@omniture.com,Male,6761396478364972175,$131655.98
810,Lion,Exter,lextermh@is.gd,Male,670956564625262851,$318540.37
811,Frannie,Jurczik,fjurczikmi@friendfeed.com,Female,201573234565300,$222952.73
812,Charlene,Ritchie,critchiemj@mail.ru,Female,374288000352442,$328450.94
813,Aluin,Bukac,abukacmk@digg.com,Female,3587861720887207,
814,Else,Ivanets,eivanetsml@msu.edu,Male,3550852167319294,$254384.90
815,Stephen,Greeveson,sgreevesonmm@skype.com,Genderfluid,3554196421182064,$193222.84
816,Cayla,Mashro,cmashromn@icq.com,Agender,30571807712900,$54137.28
817,Lucio,MacElharge,lmacelhargemo@jigsy.com,Female,201680270357425,$121355.65
818,Adiana,Slesser,aslessermp@geocities.com,Female,5010122995373684,$262894.64
819,Rene,Hartle,rhartlemq@gravatar.com,Male,3541858476231551,$285923.00
820,Gabriel,Chaytor,gchaytormr@slideshare.net,Male,5403142164339832,$274277.71
821,Neddie,Boulding,nbouldingms@techcrunch.com,Male,630435920139338899,$53755.24
822,Valaria,Dadson,vdadsonmt@thetimes.co.uk,Male,5007662421034058,$103812.54
823,Gregoor,Hamblett,ghamblettmu@adobe.com,Male,6763186099773435,$307883.44
824,Ancell,Clark,aclarkmv@webmd.com,Male,4905692158598237,$1440.97
825,Lavina,Shuttle,lshuttlemw@hud.gov,Female,201919804970901,$250297.46
826,Stacee,Hodgins,shodginsmx@latimes.com,Male,372301351649696,$27279.89
827,Frederigo,McCormick,fmccormickmy@amazon.com,Male,56022145881194848,$100094.64
828,Stacia,Stidworthy,sstidworthymz@economist.com,Male,6767073500148552820,$342808.81
829,Gordy,McKimmey,gmckimmeyn0@ezinearticles.com,Female,3565943225724287,$266703.72
830,Mariska,Egleton,megletonn1@hostgator.com,Male,5602238353446278,$338933.90
831,Luciana,Enderson,lendersonn2@addtoany.com,Male,30110250644169,$113927.30
832,Jorgan,Dradey,jdradeyn3@wiley.com,Female,3573618716067699,$33197.33
833,Claudia,Ades,cadesn4@nature.com,Male,56107941940291205,$345103.28
834,Clair,Farrand,cfarrandn5@spiegel.de,Male,3576411998882507,$178536.35
835,Carmencita,Comello,ccomellon6@google.com.br,Male,201648364690407,$320052.65
836,Matthew,Langcastle,mlangcastlen7@google.co.jp,Male,3531307929413749,$31959.36
837,Noellyn,Goakes,ngoakesn8@yelp.com,Female,3552925552847067,$85163.22
838,Carlos,McShee,cmcsheen9@amazon.co.jp,Female,3530184141300314,$184726.17
839,Mahalia,Culpen,mculpenna@cmu.edu,Male,4041596799437,$245405.45
840,Elonore,Rosendall,erosendallnb@histats.com,Male,3562819104660383,$126555.07
841,Moises,Laydon,mlaydonnc@networksolutions.com,Female,372301374216424,$300388.34
842,Olga,Brookwell,obrookwellnd@tamu.edu,Male,3565627838154780,$241800.72
843,Thurstan,Aymeric,taymericne@ucsd.edu,Male,3575351592485201,$186879.18
844,Whittaker,Eagling,weaglingnf@feedburner.com,Male,5303487264956014,$22421.08
845,Annissa,Fall,afallng@java.com,Female,5010128261742767,$172873.46
846,Mathew,Hagland,mhaglandnh@bizjournals.com,Female,374050828069602,$249712.95
847,Ulberto,Westall,uwestallni@fc2.com,Female,30207801055679,$303969.18
848,Neala,Kohrs,nkohrsnj@cloudflare.com,Bigender,3587772779762854,
849,Demetrius,Prayer,dprayernk@techcrunch.com,Female,3562273947301815,$270389.37
850,Corney,Lowry,clowrynl@fema.gov,Agender,5100145849491759,$75716.25
851,Homer,Lomath,hlomathnm@ibm.com,Female,6333153303460010,$314257.26
852,Stanislaus,Salterne,ssalternenn@printfriendly.com,Male,3579553170702487,
853,Elbertine,Dod,edodno@google.co.jp,Female,6333312033802186,$195677.19
854,Nada,Cawthery,ncawtherynp@hostgator.com,Female,6378090111771392,$221453.43
855,Delinda,Drakeley,ddrakeleynq@nps.gov,Male,4903587108011907477,$330993.01
856,Alley,Parchment,aparchmentnr@elegantthemes.com,Female,3530769978736984,$142102.79
857,Manya,Imloch,mimlochns@irs.gov,Female,3534512830799303,$122028.23
858,Bertrand,Spaunton,bspauntonnt@hao123.com,Female,6762542733009662,
859,Irwin,Tempest,itempestnu@harvard.edu,Female,3537221565658182,$23341.14
860,Reine,Aspinall,raspinallnv@mayoclinic.com,Female,6370247582350381,$78086.18
861,Nelly,Lautie,nlautienw@privacy.gov.au,Male,3575449910045002,$113610.02
862,Jori,Nisius,jnisiusnx@columbia.edu,Male,5602212837052008692,$93467.85
863,Perkin,Pye,ppyeny@yandex.ru,Male,5010121467781036,$86432.98
864,Faydra,Gorey,fgoreynz@google.nl,Female,5641825301759969,$44175.29
865,Nedi,Tebbet,ntebbeto0@hp.com,Male,56022211534116172,$201361.73
866,Stepha,Labrom,slabromo1@mtv.com,Female,6771433566321872365,$70395.24
867,Jemimah,Olennikov,jolennikovo2@dot.gov,Male,5190166201983879,$59833.01
868,Gery,Dimmock,gdimmocko3@multiply.com,Female,560223712301924951,$329899.27
869,May,Peinke,mpeinkeo4@blinklist.com,Bigender,201569758725742,$44103.70
870,Vivien,Rollin,vrollino5@admin.ch,Female,3575068628220895,$175818.11
871,Diane,Dudill,ddudillo6@cbsnews.com,Male,3562987535056537,$83219.04
872,Lory,Rathke,lrathkeo7@reverbnation.com,Bigender,5562768374742832,$135392.50
873,Irwinn,Pirri,ipirrio8@engadget.com,Genderfluid,5526845187885365,$137124.43
874,Gasparo,Gaskarth,ggaskartho9@wunderground.com,Female,3565597741064477,$207906.32
875,Stefano,Fearnehough,sfearnehoughoa@statcounter.com,Male,675928602458523850,$261887.62
876,Galvin,Wahlberg,gwahlbergob@wunderground.com,Female,5375353336563589,$169847.44
877,Roxana,Daughtery,rdaughteryoc@domainmarket.com,Male,3557454650849169,$185579.32
878,Lenka,Rustadge,lrustadgeod@networkadvertising.org,Male,30125497635978,$158214.87
879,Joellen,Stean,jsteanoe@sohu.com,Female,4911078679074809932,$313759.31
880,Kally,Casone,kcasoneof@moonfruit.com,Female,3537555540464723,$246704.76
881,Tootsie,Trippett,ttrippettog@digg.com,Female,4508531519445269,$202289.34
882,Jewel,Vernham,jvernhamoh@amazon.com,Male,374283227133642,$287635.01
883,Ellwood,Youtead,eyouteadoi@cbslocal.com,Female,3557597256529195,$227717.72
884,Alyosha,Keedwell,akeedwelloj@cnn.com,Female,36339343602249,$307802.70
885,Cathie,Rudderham,crudderhamok@google.com.au,Male,3563691267966769,
886,Davie,Berthod,dberthodol@springer.com,Male,5610139356175007,$315210.67
887,Ilysa,Leechman,ileechmanom@gravatar.com,Female,6767579216602976350,$187666.49
888,Eduard,Kyncl,ekynclon@bloglovin.com,Female,5602257431949350,$3189.10
889,Audrie,Kalb,akalboo@freewebs.com,Female,5116481270345194,$187421.37
890,Paula,Swanborough,pswanboroughop@taobao.com,Female,67091626072278931,$175996.89
891,Shae,Sarsons,ssarsonsoq@mozilla.com,Female,4017959613938802,$97854.80
892,Hanson,Stronghill,hstronghillor@gov.uk,Male,4017958725345088,$242861.66
893,Holden,Ossipenko,hossipenkoos@nytimes.com,Female,201529423405476,$53441.02
894,Kurt,Czajkowski,kczajkowskiot@pagesperso-orange.fr,Female,5007664313383890,$22421.78
895,Lola,Carlesi,lcarlesiou@webeden.co.uk,Female,374288744804674,$50658.61
896,Giovanni,Dominka,gdominkaov@ucla.edu,Male,3566877049798730,$133538.39
897,Manolo,Stoffels,mstoffelsow@shop-pro.jp,Male,5593311961683417,$326648.30
898,Frank,Everwin,feverwinox@vkontakte.ru,Male,5038436361037089,$167988.31
899,Janela,Quernel,jquerneloy@msn.com,Female,5290553422808309,$138012.80
900,Emelda,Boniface,ebonifaceoz@google.nl,Male,3574066880438495,$106616.10
901,Waiter,Kohnert,wkohnertp0@xinhuanet.com,Male,5893441338744319397,$34169.70
902,Tedra,Dowzell,tdowzellp1@businesswire.com,Female,3542969952623572,$306797.86
903,Jesus,Marusic,jmarusicp2@pbs.org,Polygender,4936163420695589782,$102717.57
904,Washington,O'Carran,wocarranp3@imgur.com,Bigender,5007664942644860,$88198.42
905,Coretta,Mordacai,cmordacaip4@mail.ru,Female,3530661931765665,$339487.54
906,Eugenie,Baude,ebaudep5@facebook.com,Male,4903291793072282642,$345082.90
907,Vale,Louden,vloudenp6@alibaba.com,Genderqueer,3568865667682607,$63690.31
908,Ansel,Sains,asainsp7@cnn.com,Genderqueer,633110862969961232,$18620.92
909,Vaughan,Innes,vinnesp8@bbc.co.uk,Male,5345640537020865,$103142.61
910,Danit,Hardware,dhardwarep9@moonfruit.com,Male,3578529747513400,$311798.09
911,Abagael,Meharg,amehargpa@google.de,Female,3541572745998110,$122430.71
912,Kala,Casperri,kcasperripb@google.de,Female,375905914271363,$105788.39
913,Napoleon,Langthorne,nlangthornepc@nature.com,Agender,3582632788158517,$122570.94
914,Farly,Tallet,ftalletpd@multiply.com,Male,3548677439156314,$213279.87
915,Jaynell,Laherty,jlahertype@github.io,Female,5602241215304008,$334875.23
916,Cordi,Palek,cpalekpf@nasa.gov,Female,3561688648461918,$333012.97
917,Olive,Brizland,obrizlandpg@bigcartel.com,Male,67098956001922421,$186208.25
918,Rhoda,Murphey,rmurpheyph@hp.com,Female,30128482678193,$47972.62
919,Arabella,Butterick,abutterickpi@indiegogo.com,Male,3575901170102592,$177852.69
920,Natividad,Diehn,ndiehnpj@tinyurl.com,Male,3553953753859953,$295229.45
921,Rodie,Paddemore,rpaddemorepk@bloglovin.com,Female,3576234173363758,$62465.32
922,Roxy,Wixey,rwixeypl@istockphoto.com,Male,4026668024705770,$4827.02
923,Garner,Vile,gvilepm@google.pl,Female,6304380037164678007,$246738.38
924,Rica,Ellington,rellingtonpn@wp.com,Male,4911056559094224,$120007.78
925,Jorie,Yare,jyarepo@google.ru,Female,5602247896659529,$89874.18
926,Rollie,Easman,reasmanpp@jimdo.com,Bigender,6333173801108706269,$13980.49
927,Maddie,Hindsberg,mhindsbergpq@mayoclinic.com,Female,3553251004727446,$241531.25
928,Benita,Woolsey,bwoolseypr@edublogs.org,Female,201971480642890,$278505.87
929,Marlo,Loadwick,mloadwickps@goo.ne.jp,Female,4913137800276535,$282125.33
930,Geralda,Yole,gyolept@cafepress.com,Agender,502054548784632802,$69140.90
931,Brooks,Sheppard,bsheppardpu@cnbc.com,Male,3539940999022115,$26918.07
932,Maggy,Secker,mseckerpv@slate.com,Female,3583939024621920,$96962.16
933,Charley,Alman,calmanpw@indiegogo.com,Female,67630210611049604,$208962.71
934,Roselia,Edmand,redmandpx@mapquest.com,Female,3533781822546656,$86599.53
935,Kamillah,Busch,kbuschpy@elpais.com,Female,50206867200287992,$28222.51
936,Kenneth,Sorsby,ksorsbypz@marketwatch.com,Male,3561151741935718,$271209.14
937,Loree,Pharrow,lpharrowq0@state.gov,Genderfluid,3579122357537601,$272291.31
938,Kennie,Codi,kcodiq1@gnu.org,Female,3576723455410618,$110898.05
939,Merissa,Clink,mclinkq2@cnbc.com,Female,3563746254870893,$336819.68
940,Rex,Stanyer,rstanyerq3@gmpg.org,Male,3543168607243428,$308180.84
941,Nydia,Girsch,ngirschq4@telegraph.co.uk,Female,5602245920824914669,$189937.69
942,Gage,Teggin,gtegginq5@yolasite.com,Female,3550017272660749,$276402.77
943,Mommy,Echalie,mechalieq6@amazonaws.com,Female,560222836926567191,$110297.08
944,Shaina,Gallimore,sgallimoreq7@sphinn.com,Female,3549706437368024,$264485.92
945,Lindsay,Witt,lwittq8@usnews.com,Female,3570430792856604,$264357.95
946,Maurene,Frowen,mfrowenq9@huffingtonpost.com,Female,30397694749551,$109632.85
947,Reggi,Izatt,rizattqa@parallels.com,Male,3535605120380732,$223242.63
948,Jerry,Zappel,jzappelqb@census.gov,Female,3574382196657920,$317802.10
949,Washington,Furmonger,wfurmongerqc@paginegialle.it,Non-binary,30593704698768,$291241.05
950,Quint,Tzarkov,qtzarkovqd@comsenz.com,Female,4905724447529726394,$215571.49
951,Demeter,Brik,dbrikqe@multiply.com,Male,67596998858459633,$45822.70
952,Allin,Styan,astyanqf@home.pl,Female,374283334781200,$147357.68
953,Ebony,Grennan,egrennanqg@mlb.com,Male,4041599642522944,$340793.54
954,Arlene,Bogies,abogiesqh@dion.ne.jp,Male,3550797739666500,$105228.67
955,Roland,Addeycott,raddeycottqi@paginegialle.it,Genderqueer,3565462537818463,$34765.70
956,Udale,Bigrigg,ubigriggqj@wix.com,Female,5610573213232157,$164283.74
957,Giselle,Pietersen,gpietersenqk@oakley.com,Male,3580369702112559,$167554.92
958,Antone,Osgerby,aosgerbyql@google.co.uk,Female,6331101866194892258,$44414.72
959,De,Castaneda,dcastanedaqm@squarespace.com,Female,5316655105304108,$195059.94
960,Jenilee,Syddall,jsyddallqn@gizmodo.com,Female,374622994796901,$138717.81
961,Coral,Pietron,cpietronqo@cbsnews.com,Male,3584089942729527,$143426.80
962,Eachelle,Wynett,ewynettqp@soundcloud.com,Female,5610205098753557,$169197.19
963,Shir,Dufaur,sdufaurqq@digg.com,Male,201521071771218,$55865.80
964,Carena,Kerswill,ckerswillqr@google.com.br,Female,3564278127992315,$109340.59
965,Guglielma,Sirmon,gsirmonqs@github.io,Male,5602230256033345,$210815.37
966,Channa,Standish,cstandishqt@tamu.edu,Female,6759161467183166,$29826.20
967,Germain,Hagger,ghaggerqu@samsung.com,Male,30303142499054,$30072.04
968,Tallie,Le Sieur,tlesieurqv@weibo.com,Female,5007669543767663,$93226.09
969,Franciska,Storrier,fstorrierqw@prnewswire.com,Female,3534722668823485,$301833.43
970,Miriam,Titcumb,mtitcumbqx@xinhuanet.com,Female,5018023658745665807,$274091.61
971,Zack,Trembath,ztrembathqy@qq.com,Male,4041379906613,$50998.63
972,Carney,Muzzlewhite,cmuzzlewhiteqz@mashable.com,Non-binary,3571463433531863,$105658.86
973,Shea,Whitwam,swhitwamr0@discovery.com,Female,3563138426314820,$322733.54
974,Anatollo,Bremen,abremenr1@chron.com,Male,3583617709157127,$153597.95
975,Matthaeus,Samuels,msamuelsr2@foxnews.com,Female,3533684276276889,$88681.44
976,Jase,Dunstall,jdunstallr3@cnn.com,Female,30312752339211,$32402.24
977,Sullivan,Blackley,sblackleyr4@gizmodo.com,Female,201834926436998,$260741.20
978,Phillipp,Peffer,ppefferr5@parallels.com,Male,3563784076758640,$171454.33
979,Veradis,Bartrap,vbartrapr6@elpais.com,Female,3535688635595804,$206041.44
980,Zelig,Skoughman,zskoughmanr7@360.cn,Female,493614814916927667,$77351.32
981,Tann,Connechie,tconnechier8@mac.com,Male,30087723197571,$140727.64
982,Elsbeth,McInnerny,emcinnernyr9@lycos.com,Male,3534271712497482,$286194.22
983,Emeline,Rolls,erollsra@creativecommons.org,Male,3583792985034231,$79853.11
984,Raffarty,Andreix,randreixrb@imgur.com,Male,3560392504448025,$60066.77
985,Leesa,Pettican,lpetticanrc@telegraph.co.uk,Male,3589485658709965,$165266.70
986,Wyndham,Carbry,wcarbryrd@joomla.org,Male,3576285842868726,$284079.27
987,Della,Borkett,dborkettre@usda.gov,Male,4405925610534951,$115527.29
988,Glynda,Jelks,gjelksrf@illinois.edu,Bigender,5485005060265370,$55743.14
989,Mel,Lenney,mlenneyrg@alexa.com,Male,30515132333775,$340615.88
990,Chryste,Aps,capsrh@mysql.com,Male,4913065744891467,$24435.54
991,Malinde,Minichillo,mminichillori@webmd.com,Male,5401586067429714,$309793.89
992,Ham,Carsberg,hcarsbergrj@vimeo.com,Male,633471232112380263,$95913.06
993,Rodd,Maliffe,rmalifferk@google.com.br,Female,675933363404607783,$213968.84
994,Prudence,Mogra,pmograrl@psu.edu,Male,3547203187537919,$336091.06
995,Milton,Willicott,mwillicottrm@usnews.com,Male,201819262470123,$87645.44
996,Casper,De Normanville,cdenormanvillern@chicagotribune.com,Female,3581773914960326,$13233.73
997,Sella,Brinsford,sbrinsfordro@chron.com,Male,5048371826266098,$280740.37
998,Gertruda,Chessil,gchessilrp@jimdo.com,Genderqueer,3537190289832417,$208187.63
999,Hasheem,Sibbald,hsibbaldrq@imageshack.us,Female,5108751117015337,$271328.46
1000,Bernie,Boick,bboickrr@feedburner.com,Female,3543955030765377,$201725.16
